Prediction,Actual,date
134.25543,134.72726,2024-04-09 14:00:00
133.97772,134.435,2024-04-09 15:00:00
133.58736,134.597,2024-04-09 16:00:00
133.47537,135.11674,2024-04-09 17:00:00
133.60536,135.00824,2024-04-09 18:00:00
133.79819,135.05576,2024-04-09 19:00:00
134.21162,134.3945,2024-04-09 20:00:00
134.4503,133.53825,2024-04-09 21:00:00
134.59138,133.761,2024-04-09 22:00:00
134.51335,133.49225,2024-04-09 23:00:00
134.41107,133.8575,2024-04-10 00:00:00
133.92659,133.339,2024-04-10 01:00:00
133.86545,133.83676,2024-04-10 02:00:00
133.42331,133.51752,2024-04-10 03:00:00
133.12387,137.83925,2024-04-10 04:00:00
132.91292,138.17375,2024-04-10 05:00:00
132.78683,134.39926,2024-04-10 06:00:00
132.76631,133.59325,2024-04-10 07:00:00
132.66052,133.5435,2024-04-10 08:00:00
132.50853,133.155,2024-04-10 09:00:00
132.24864,132.20375,2024-04-10 10:00:00
131.8953,132.98225,2024-04-10 11:00:00
131.99043,133.0585,2024-04-10 12:00:00
131.78233,132.74675,2024-04-10 13:00:00
131.53247,132.79599,2024-04-10 14:00:00
131.2463,132.50075,2024-04-10 15:00:00
131.25735,132.0805,2024-04-10 16:00:00
131.53833,132.36,2024-04-10 17:00:00
131.55672,132.6165,2024-04-10 18:00:00
131.62392,132.73926,2024-04-10 19:00:00
131.061,133.33951,2024-04-10 20:00:00
131.24681,132.73676,2024-04-10 21:00:00
131.10564,133.44301,2024-04-10 22:00:00
130.76991,135.796,2024-04-10 23:00:00
131.20786,132.168,2024-04-11 00:00:00
131.6583,131.28325,2024-04-11 01:00:00
132.20854,132.55376,2024-04-11 02:00:00
132.7597,132.05576,2024-04-11 03:00:00
133.4658,132.1345,2024-04-11 04:00:00
134.8619,132.59975,2024-04-11 05:00:00
136.14278,139.48926,2024-04-11 06:00:00
137.59932,142.0265,2024-04-11 07:00:00
138.43758,142.22975,2024-04-11 08:00:00
139.60246,142.24425,2024-04-11 09:00:00
140.14136,141.963,2024-04-11 10:00:00
140.62811,142.1775,2024-04-11 11:00:00
140.8607,141.45024,2024-04-11 12:00:00
141.04248,141.72874,2024-04-11 13:00:00
141.07245,141.2855,2024-04-11 14:00:00
141.35042,142.5665,2024-04-11 15:00:00
141.63568,143.63,2024-04-11 16:00:00
141.78914,143.60225,2024-04-11 17:00:00
141.72993,142.95201,2024-04-11 18:00:00
142.00491,143.173,2024-04-11 19:00:00
142.00934,143.05301,2024-04-11 20:00:00
142.44388,142.502,2024-04-11 21:00:00
142.03445,142.2655,2024-04-11 22:00:00
142.07721,142.32574,2024-04-11 23:00:00
142.19296,142.01625,2024-04-12 00:00:00
142.32275,141.7655,2024-04-12 01:00:00
142.29303,141.849,2024-04-12 02:00:00
142.25339,141.97351,2024-04-12 03:00:00
142.13208,141.6745,2024-04-12 04:00:00
142.10344,142.25099,2024-04-12 05:00:00
142.17516,141.90675,2024-04-12 06:00:00
142.43513,141.75299,2024-04-12 07:00:00
142.41595,141.87975,2024-04-12 08:00:00
142.42787,142.09776,2024-04-12 09:00:00
142.18367,141.49725,2024-04-12 10:00:00
141.85248,142.03625,2024-04-12 11:00:00
141.74521,142.663,2024-04-12 12:00:00
142.11356,142.1755,2024-04-12 13:00:00
142.14114,142.05,2024-04-12 14:00:00
141.74489,141.9425,2024-04-12 15:00:00
141.6507,141.7635,2024-04-12 16:00:00
141.5624,141.81902,2024-04-12 17:00:00
141.6833,141.87776,2024-04-12 18:00:00
141.35396,141.71875,2024-04-12 19:00:00
141.20616,141.79126,2024-04-12 20:00:00
141.40694,141.826,2024-04-12 21:00:00
141.02016,141.89125,2024-04-12 22:00:00
140.65952,141.97125,2024-04-12 23:00:00
140.55444,140.91675,2024-04-13 00:00:00
140.45737,140.81425,2024-04-13 01:00:00
140.41934,140.8095,2024-04-13 02:00:00
140.06699,140.87526,2024-04-13 03:00:00
139.88576,141.075,2024-04-13 04:00:00
139.57599,140.692,2024-04-13 05:00:00
139.56126,139.626,2024-04-13 06:00:00
139.09874,138.41725,2024-04-13 07:00:00
138.90334,138.96901,2024-04-13 08:00:00
139.05235,138.82175,2024-04-13 09:00:00
138.42354,138.6855,2024-04-13 10:00:00
138.0554,138.77525,2024-04-13 11:00:00
137.97688,138.86874,2024-04-13 12:00:00
138.04282,138.68974,2024-04-13 13:00:00
137.96579,137.975,2024-04-13 14:00:00
137.78616,136.79451,2024-04-13 15:00:00
137.67471,137.77776,2024-04-13 16:00:00
137.50687,137.55174,2024-04-13 17:00:00
137.14107,137.11975,2024-04-13 18:00:00
137.29425,137.44376,2024-04-13 19:00:00
137.06253,137.57726,2024-04-13 20:00:00
136.84723,137.649,2024-04-13 21:00:00
136.38739,138.82625,2024-04-13 22:00:00
136.44942,138.26675,2024-04-13 23:00:00
136.37503,138.46776,2024-04-14 00:00:00
136.3965,138.10425,2024-04-14 01:00:00
136.56932,138.192,2024-04-14 02:00:00
136.43365,137.628,2024-04-14 03:00:00
136.3472,138.42851,2024-04-14 04:00:00
136.20688,138.15901,2024-04-14 05:00:00
136.09006,142.78325,2024-04-14 06:00:00
136.09943,143.52426,2024-04-14 07:00:00
135.58868,143.574,2024-04-14 08:00:00
135.63933,143.48952,2024-04-14 09:00:00
135.91425,143.4975,2024-04-14 10:00:00
135.90607,143.58376,2024-04-14 11:00:00
135.76152,143.41925,2024-04-14 12:00:00
135.81349,143.87726,2024-04-14 13:00:00
135.77568,143.4965,2024-04-14 14:00:00
135.5058,143.47025,2024-04-14 15:00:00
135.2528,143.83926,2024-04-14 16:00:00
135.16325,143.83525,2024-04-14 17:00:00
135.06946,143.795,2024-04-14 18:00:00
134.9209,143.32275,2024-04-14 19:00:00
134.88695,142.969,2024-04-14 20:00:00
134.91599,142.826,2024-04-14 21:00:00
134.82904,141.4425,2024-04-14 22:00:00
134.68645,135.013,2024-04-14 23:00:00
134.83987,128.12975,2024-04-15 00:00:00
134.7222,123.667755,2024-04-15 01:00:00
134.43707,118.0565,2024-04-15 02:00:00
134.73586,113.6985,2024-04-15 03:00:00
134.76378,112.61525,2024-04-15 04:00:00
134.87807,112.6155,2024-04-15 05:00:00
135.06276,129.41725,2024-04-15 06:00:00
135.2271,138.73726,2024-04-15 07:00:00
135.40634,142.83826,2024-04-15 08:00:00
135.61992,136.97151,2024-04-15 09:00:00
135.63005,141.54425,2024-04-15 10:00:00
135.71103,144.50975,2024-04-15 11:00:00
135.80309,142.52625,2024-04-15 12:00:00
135.61014,141.93274,2024-04-15 13:00:00
135.54448,141.7655,2024-04-15 14:00:00
135.48167,137.53426,2024-04-15 15:00:00
135.58699,131.9055,2024-04-15 16:00:00
135.04576,132.09999,2024-04-15 17:00:00
135.31198,130.10501,2024-04-15 18:00:00
135.07608,128.90675,2024-04-15 19:00:00
135.55995,128.87225,2024-04-15 20:00:00
135.10736,128.71626,2024-04-15 21:00:00
134.82072,129.858,2024-04-15 22:00:00
134.7337,133.61977,2024-04-15 23:00:00
134.14919,135.328,2024-04-16 00:00:00
133.83153,135.5635,2024-04-16 01:00:00
133.66624,137.13152,2024-04-16 02:00:00
133.82355,137.36575,2024-04-16 03:00:00
133.65364,137.23775,2024-04-16 04:00:00
132.84604,137.28676,2024-04-16 05:00:00
132.56398,131.675,2024-04-16 06:00:00
132.17487,129.6205,2024-04-16 07:00:00
131.84442,129.28749,2024-04-16 08:00:00
132.13083,130.16576,2024-04-16 09:00:00
131.83038,129.51425,2024-04-16 10:00:00
131.10222,129.275,2024-04-16 11:00:00
130.96254,129.57301,2024-04-16 12:00:00
130.91756,129.51451,2024-04-16 13:00:00
130.62332,128.84525,2024-04-16 14:00:00
130.06618,128.64201,2024-04-16 15:00:00
129.88574,127.673256,2024-04-16 16:00:00
129.20169,128.08925,2024-04-16 17:00:00
128.67998,131.121,2024-04-16 18:00:00
127.86224,127.644,2024-04-16 19:00:00
127.87179,130.3,2024-04-16 20:00:00
127.498535,131.31725,2024-04-16 21:00:00
127.02929,129.63025,2024-04-16 22:00:00
126.683784,131.68001,2024-04-16 23:00:00
126.75192,130.67325,2024-04-17 00:00:00
127.737915,130.697,2024-04-17 01:00:00
128.15889,130.6955,2024-04-17 02:00:00
128.72983,130.06876,2024-04-17 03:00:00
129.79727,130.001,2024-04-17 04:00:00
131.2438,129.60225,2024-04-17 05:00:00
132.7499,137.14624,2024-04-17 06:00:00
133.90291,139.86426,2024-04-17 07:00:00
134.7504,140.02325,2024-04-17 08:00:00
135.83221,139.2545,2024-04-17 09:00:00
136.01799,139.932,2024-04-17 10:00:00
136.03386,139.88876,2024-04-17 11:00:00
136.39774,139.60825,2024-04-17 12:00:00
136.89395,140.0135,2024-04-17 13:00:00
137.05608,140.24776,2024-04-17 14:00:00
136.9974,139.67674,2024-04-17 15:00:00
137.40025,137.96625,2024-04-17 16:00:00
137.98671,136.63174,2024-04-17 17:00:00
138.55168,135.14626,2024-04-17 18:00:00
138.98335,135.335,2024-04-17 19:00:00
139.27988,135.4875,2024-04-17 20:00:00
139.72964,135.51627,2024-04-17 21:00:00
139.95383,135.23776,2024-04-17 22:00:00
140.26003,135.666,2024-04-17 23:00:00
140.39415,135.79974,2024-04-18 00:00:00
140.20784,135.23776,2024-04-18 01:00:00
140.3119,135.29776,2024-04-18 02:00:00
140.38666,135.93475,2024-04-18 03:00:00
140.25108,136.88324,2024-04-18 04:00:00
140.61151,137.42175,2024-04-18 05:00:00
141.29945,140.67975,2024-04-18 06:00:00
141.76076,143.6755,2024-04-18 07:00:00
142.27658,144.57675,2024-04-18 08:00:00
143.01424,142.87024,2024-04-18 09:00:00
143.1155,142.891,2024-04-18 10:00:00
143.31032,143.3235,2024-04-18 11:00:00
143.2636,142.93225,2024-04-18 12:00:00
143.21501,143.28601,2024-04-18 13:00:00
143.42183,143.15201,2024-04-18 14:00:00
143.25682,142.99525,2024-04-18 15:00:00
143.39426,142.688,2024-04-18 16:00:00
143.00935,142.9845,2024-04-18 17:00:00
143.04575,143.364,2024-04-18 18:00:00
143.01173,143.9515,2024-04-18 19:00:00
143.26297,143.82275,2024-04-18 20:00:00
143.21577,143.35225,2024-04-18 21:00:00
143.48238,143.21625,2024-04-18 22:00:00
143.39273,143.21426,2024-04-18 23:00:00
143.30725,143.46075,2024-04-19 00:00:00
143.18239,143.321,2024-04-19 01:00:00
143.07959,143.17801,2024-04-19 02:00:00
142.8933,142.8075,2024-04-19 03:00:00
142.56749,142.93175,2024-04-19 04:00:00
142.27232,142.8595,2024-04-19 05:00:00
142.1763,142.7025,2024-04-19 06:00:00
142.10002,141.86575,2024-04-19 07:00:00
141.93343,141.6375,2024-04-19 08:00:00
141.90901,141.3575,2024-04-19 09:00:00
141.41997,141.04076,2024-04-19 10:00:00
141.31667,140.97751,2024-04-19 11:00:00
141.25914,140.878,2024-04-19 12:00:00
141.01074,141.5225,2024-04-19 13:00:00
140.6335,141.32324,2024-04-19 14:00:00
140.1475,141.334,2024-04-19 15:00:00
139.84018,141.25626,2024-04-19 16:00:00
139.57245,141.38301,2024-04-19 17:00:00
139.23273,141.009,2024-04-19 18:00:00
138.90756,141.188,2024-04-19 19:00:00
138.70366,141.31825,2024-04-19 20:00:00
138.26248,141.14551,2024-04-19 21:00:00
138.05217,141.14151,2024-04-19 22:00:00
137.44807,140.6645,2024-04-19 23:00:00
137.1297,140.71275,2024-04-20 00:00:00
136.7919,140.97,2024-04-20 01:00:00
136.45409,140.51524,2024-04-20 02:00:00
136.14671,140.67226,2024-04-20 03:00:00
136.03137,140.52701,2024-04-20 04:00:00
135.73444,141.00551,2024-04-20 05:00:00
135.51315,128.8445,2024-04-20 06:00:00
135.13524,123.878494,2024-04-20 07:00:00
134.7569,123.780754,2024-04-20 08:00:00
134.25674,124.124,2024-04-20 09:00:00
133.65953,123.839,2024-04-20 10:00:00
133.0913,124.08151,2024-04-20 11:00:00
132.65665,123.89351,2024-04-20 12:00:00
132.30513,124.690254,2024-04-20 13:00:00
131.77098,125.747505,2024-04-20 14:00:00
131.24922,127.31151,2024-04-20 15:00:00
131.02545,129.66551,2024-04-20 16:00:00
130.62195,133.31651,2024-04-20 17:00:00
130.26968,133.66525,2024-04-20 18:00:00
130.07684,133.71951,2024-04-20 19:00:00
130.0501,133.82776,2024-04-20 20:00:00
129.76233,133.91576,2024-04-20 21:00:00
129.50967,133.55301,2024-04-20 22:00:00
129.11449,133.49425,2024-04-20 23:00:00
128.88663,136.99925,2024-04-21 00:00:00
128.56708,137.37825,2024-04-21 01:00:00
128.17863,137.13275,2024-04-21 02:00:00
127.86503,140.0735,2024-04-21 03:00:00
127.821335,137.31975,2024-04-21 04:00:00
127.682594,137.18526,2024-04-21 05:00:00
127.54981,124.1695,2024-04-21 06:00:00
126.78089,121.8565,2024-04-21 07:00:00
126.2925,122.72875,2024-04-21 08:00:00
126.49316,124.16476,2024-04-21 09:00:00
126.25078,123.48025,2024-04-21 10:00:00
126.01689,123.22525,2024-04-21 11:00:00
125.859375,122.02625,2024-04-21 12:00:00
125.49898,123.59426,2024-04-21 13:00:00
125.420265,125.40176,2024-04-21 14:00:00
124.95196,125.306496,2024-04-21 15:00:00
124.97204,125.61325,2024-04-21 16:00:00
124.83633,127.158005,2024-04-21 17:00:00
124.64054,126.98925,2024-04-21 18:00:00
124.42811,126.237755,2024-04-21 19:00:00
124.518524,126.29126,2024-04-21 20:00:00
124.76248,126.08575,2024-04-21 21:00:00
124.61201,126.435005,2024-04-21 22:00:00
124.2106,126.34826,2024-04-21 23:00:00
123.977104,126.30825,2024-04-22 00:00:00
123.93224,126.33875,2024-04-22 01:00:00
123.992004,126.525246,2024-04-22 02:00:00
124.05872,126.58651,2024-04-22 03:00:00
124.15444,126.79325,2024-04-22 04:00:00
124.43089,126.962006,2024-04-22 05:00:00
124.488815,125.922005,2024-04-22 06:00:00
124.56795,125.19,2024-04-22 07:00:00
125.198845,125.68975,2024-04-22 08:00:00
126.09687,125.45851,2024-04-22 09:00:00
126.15288,125.385254,2024-04-22 10:00:00
126.33567,125.815506,2024-04-22 11:00:00
126.46143,125.552505,2024-04-22 12:00:00
126.82696,125.1895,2024-04-22 13:00:00
126.86084,125.377754,2024-04-22 14:00:00
126.936905,124.60325,2024-04-22 15:00:00
127.02779,123.97951,2024-04-22 16:00:00
127.21932,127.48526,2024-04-22 17:00:00
126.97389,128.18076,2024-04-22 18:00:00
126.749626,128.6375,2024-04-22 19:00:00
126.97589,128.8645,2024-04-22 20:00:00
127.1165,127.207,2024-04-22 21:00:00
127.076675,126.808,2024-04-22 22:00:00
126.68448,126.22,2024-04-22 23:00:00
126.322296,127.485504,2024-04-23 00:00:00
126.01295,128.8295,2024-04-23 01:00:00
125.65473,127.696754,2024-04-23 02:00:00
125.36555,127.04875,2024-04-23 03:00:00
125.00426,126.89151,2024-04-23 04:00:00
124.51653,126.964,2024-04-23 05:00:00
123.981155,119.57774,2024-04-23 06:00:00
123.51342,116.027756,2024-04-23 07:00:00
122.97966,115.676506,2024-04-23 08:00:00
122.53245,115.18025,2024-04-23 09:00:00
121.869545,115.63675,2024-04-23 10:00:00
121.41475,116.22375,2024-04-23 11:00:00
121.04454,117.96124,2024-04-23 12:00:00
120.65355,119.8845,2024-04-23 13:00:00
120.2125,120.936,2024-04-23 14:00:00
119.96442,120.929,2024-04-23 15:00:00
119.221886,121.046,2024-04-23 16:00:00
119.07596,121.234505,2024-04-23 17:00:00
118.84183,121.07325,2024-04-23 18:00:00
118.70343,121.943,2024-04-23 19:00:00
118.55464,121.35075,2024-04-23 20:00:00
118.29462,121.562004,2024-04-23 21:00:00
118.007576,122.028244,2024-04-23 22:00:00
118.102455,121.708,2024-04-23 23:00:00
118.25087,121.254,2024-04-24 00:00:00
118.906876,120.021,2024-04-24 01:00:00
118.73953,121.142746,2024-04-24 02:00:00
118.970505,121.08525,2024-04-24 03:00:00
119.22138,121.2845,2024-04-24 04:00:00
119.60455,121.41425,2024-04-24 05:00:00
120.05235,121.982506,2024-04-24 06:00:00
120.477394,121.94225,2024-04-24 07:00:00
120.665794,120.91125,2024-04-24 08:00:00
120.73363,121.742256,2024-04-24 09:00:00
121.12055,121.4185,2024-04-24 10:00:00
121.458855,120.202,2024-04-24 11:00:00
121.557724,123.2625,2024-04-24 12:00:00
122.16279,125.318504,2024-04-24 13:00:00
122.1002,123.793495,2024-04-24 14:00:00
121.88748,123.05826,2024-04-24 15:00:00
121.856834,122.79425,2024-04-24 16:00:00
121.82288,123.03975,2024-04-24 17:00:00
121.72833,122.44625,2024-04-24 18:00:00
121.65824,122.38525,2024-04-24 19:00:00
121.62332,122.109,2024-04-24 20:00:00
121.37804,121.88975,2024-04-24 21:00:00
121.38761,121.88501,2024-04-24 22:00:00
121.77052,122.28275,2024-04-24 23:00:00
121.57502,122.199745,2024-04-25 00:00:00
121.722786,122.165,2024-04-25 01:00:00
121.63034,121.79125,2024-04-25 02:00:00
121.639824,122.334755,2024-04-25 03:00:00
121.65022,122.43901,2024-04-25 04:00:00
121.519325,122.3345,2024-04-25 05:00:00
121.187164,121.92425,2024-04-25 06:00:00
121.11376,121.12875,2024-04-25 07:00:00
120.80284,120.89525,2024-04-25 08:00:00
120.43276,121.695,2024-04-25 09:00:00
119.97959,121.5605,2024-04-25 10:00:00
120.04389,120.771996,2024-04-25 11:00:00
119.90878,122.19475,2024-04-25 12:00:00
119.995995,122.07226,2024-04-25 13:00:00
119.679726,122.5805,2024-04-25 14:00:00
119.5965,122.361,2024-04-25 15:00:00
119.531784,122.221,2024-04-25 16:00:00
119.621635,122.26751,2024-04-25 17:00:00
119.481674,122.02176,2024-04-25 18:00:00
118.806526,122.17225,2024-04-25 19:00:00
118.55477,122.68425,2024-04-25 20:00:00
118.18783,122.6695,2024-04-25 21:00:00
117.674355,123.005005,2024-04-25 22:00:00
117.18906,122.389755,2024-04-25 23:00:00
117.127304,122.315506,2024-04-26 00:00:00
117.52477,121.86526,2024-04-26 01:00:00
118.204994,122.40776,2024-04-26 02:00:00
119.74652,122.9225,2024-04-26 03:00:00
121.758675,122.523506,2024-04-26 04:00:00
125.02406,124.33525,2024-04-26 05:00:00
128.15547,138.6815,2024-04-26 06:00:00
131.01506,138.878,2024-04-26 07:00:00
133.35149,138.54076,2024-04-26 08:00:00
135.39035,138.214,2024-04-26 09:00:00
136.32722,138.51,2024-04-26 10:00:00
136.87923,138.14725,2024-04-26 11:00:00
137.22661,138.16675,2024-04-26 12:00:00
137.63007,138.138,2024-04-26 13:00:00
137.38011,138.17175,2024-04-26 14:00:00
137.99124,137.608,2024-04-26 15:00:00
137.13084,138.38326,2024-04-26 16:00:00
137.16994,138.32251,2024-04-26 17:00:00
137.15927,138.7895,2024-04-26 18:00:00
137.03853,138.627,2024-04-26 19:00:00
137.06674,138.299,2024-04-26 20:00:00
137.47906,138.77875,2024-04-26 21:00:00
137.5218,138.97226,2024-04-26 22:00:00
137.63538,138.48175,2024-04-26 23:00:00
137.6159,138.94476,2024-04-27 00:00:00
137.33644,138.35725,2024-04-27 01:00:00
136.73259,138.4645,2024-04-27 02:00:00
136.5612,138.70226,2024-04-27 03:00:00
136.07503,138.17975,2024-04-27 04:00:00
135.58893,138.48676,2024-04-27 05:00:00
135.32027,135.18625,2024-04-27 06:00:00
135.28487,134.49226,2024-04-27 07:00:00
134.68352,134.2975,2024-04-27 08:00:00
134.43349,134.15025,2024-04-27 09:00:00
133.9535,134.1345,2024-04-27 10:00:00
133.24873,133.62326,2024-04-27 11:00:00
132.80481,133.90375,2024-04-27 12:00:00
132.69829,133.76276,2024-04-27 13:00:00
131.79372,133.78175,2024-04-27 14:00:00
131.47333,133.79976,2024-04-27 15:00:00
130.42758,133.5225,2024-04-27 16:00:00
130.32365,133.41075,2024-04-27 17:00:00
129.89076,133.62524,2024-04-27 18:00:00
129.07971,133.13751,2024-04-27 19:00:00
128.8502,132.96176,2024-04-27 20:00:00
128.79521,131.388,2024-04-27 21:00:00
128.70966,129.5,2024-04-27 22:00:00
129.00453,129.78825,2024-04-27 23:00:00
128.87302,128.93901,2024-04-28 00:00:00
128.89856,128.99776,2024-04-28 01:00:00
128.52032,124.20051,2024-04-28 02:00:00
128.33662,123.0165,2024-04-28 03:00:00
128.24847,122.69626,2024-04-28 04:00:00
128.56021,120.462,2024-04-28 05:00:00
128.60106,129.2815,2024-04-28 06:00:00
128.3119,132.69576,2024-04-28 07:00:00
127.702736,132.47925,2024-04-28 08:00:00
127.08438,133.835,2024-04-28 09:00:00
126.87423,132.628,2024-04-28 10:00:00
127.13603,133.41376,2024-04-28 11:00:00
127.47542,132.01825,2024-04-28 12:00:00
128.21237,131.54526,2024-04-28 13:00:00
128.14049,130.50674,2024-04-28 14:00:00
127.796585,131.65025,2024-04-28 15:00:00
127.639206,130.71826,2024-04-28 16:00:00
127.39855,128.83525,2024-04-28 17:00:00
127.24386,128.20502,2024-04-28 18:00:00
126.947136,127.103004,2024-04-28 19:00:00
126.39897,125.22951,2024-04-28 20:00:00
126.51571,122.53825,2024-04-28 21:00:00
126.17095,121.51375,2024-04-28 22:00:00
126.13791,121.026505,2024-04-28 23:00:00
126.13091,120.34175,2024-04-29 00:00:00
125.87202,121.17325,2024-04-29 01:00:00
125.844345,123.71701,2024-04-29 02:00:00
125.8187,129.34924,2024-04-29 03:00:00
126.596725,130.819,2024-04-29 04:00:00
127.00663,129.20375,2024-04-29 05:00:00
127.42432,130.98126,2024-04-29 06:00:00
128.36058,127.861,2024-04-29 07:00:00
129.02525,124.279,2024-04-29 08:00:00
129.34502,129.72075,2024-04-29 09:00:00
129.90543,133.11626,2024-04-29 10:00:00
129.85207,134.27425,2024-04-29 11:00:00
129.91638,131.877,2024-04-29 12:00:00
129.96208,133.71774,2024-04-29 13:00:00
130.19661,134.67674,2024-04-29 14:00:00
130.27577,135.03151,2024-04-29 15:00:00
130.6287,132.427,2024-04-29 16:00:00
130.53984,131.6365,2024-04-29 17:00:00
130.40495,131.06226,2024-04-29 18:00:00
130.37903,131.59926,2024-04-29 19:00:00
130.24971,132.10825,2024-04-29 20:00:00
130.38675,131.499,2024-04-29 21:00:00
130.44278,132.087,2024-04-29 22:00:00
130.4057,131.84726,2024-04-29 23:00:00
130.5955,131.89825,2024-04-30 00:00:00
130.75385,131.6255,2024-04-30 01:00:00
130.86597,131.55576,2024-04-30 02:00:00
131.03288,131.7075,2024-04-30 03:00:00
131.27853,130.7605,2024-04-30 04:00:00
131.32883,130.47926,2024-04-30 05:00:00
131.62202,132.36125,2024-04-30 06:00:00
131.8007,132.73074,2024-04-30 07:00:00
131.80241,132.24,2024-04-30 08:00:00
131.59183,132.67676,2024-04-30 09:00:00
131.73958,132.42075,2024-04-30 10:00:00
131.52832,132.149,2024-04-30 11:00:00
131.6145,133.38275,2024-04-30 12:00:00
131.74847,131.74075,2024-04-30 13:00:00
131.99413,131.9005,2024-04-30 14:00:00
132.53737,132.41249,2024-04-30 15:00:00
132.62206,132.65875,2024-04-30 16:00:00
132.27954,132.29976,2024-04-30 17:00:00
132.10043,132.30325,2024-04-30 18:00:00
131.79366,132.61551,2024-04-30 19:00:00
131.48723,132.37025,2024-04-30 20:00:00
131.39922,132.20375,2024-04-30 21:00:00
131.35898,134.406,2024-04-30 22:00:00
131.1008,137.997,2024-04-30 23:00:00
131.4875,138.60826,2024-05-01 00:00:00
131.76488,137.359,2024-05-01 01:00:00
131.98293,136.89926,2024-05-01 02:00:00
132.4507,137.04451,2024-05-01 03:00:00
133.2802,137.09975,2024-05-01 04:00:00
134.09558,136.76825,2024-05-01 05:00:00
135.0803,138.83376,2024-05-01 06:00:00
136.14949,140.2435,2024-05-01 07:00:00
136.97868,139.8795,2024-05-01 08:00:00
137.4034,139.895,2024-05-01 09:00:00
138.26854,139.57225,2024-05-01 10:00:00
138.22499,139.54475,2024-05-01 11:00:00
138.48595,139.8695,2024-05-01 12:00:00
138.81276,140.2955,2024-05-01 13:00:00
138.93504,140.22,2024-05-01 14:00:00
139.31384,140.59325,2024-05-01 15:00:00
139.20372,140.19826,2024-05-01 16:00:00
139.60493,140.55725,2024-05-01 17:00:00
139.76201,140.01399,2024-05-01 18:00:00
139.69464,140.19151,2024-05-01 19:00:00
139.42702,140.054,2024-05-01 20:00:00
139.27118,140.15451,2024-05-01 21:00:00
139.32823,140.3815,2024-05-01 22:00:00
139.27359,139.93251,2024-05-01 23:00:00
139.11314,140.661,2024-05-02 00:00:00
139.04565,140.18726,2024-05-02 01:00:00
139.14236,140.03325,2024-05-02 02:00:00
139.05498,140.81525,2024-05-02 03:00:00
138.6595,139.75026,2024-05-02 04:00:00
138.59677,140.17825,2024-05-02 05:00:00
138.58675,137.623,2024-05-02 06:00:00
138.2294,138.16075,2024-05-02 07:00:00
137.80003,137.659,2024-05-02 08:00:00
137.31596,137.7135,2024-05-02 09:00:00
137.06827,137.47876,2024-05-02 10:00:00
136.73567,137.49677,2024-05-02 11:00:00
136.64546,137.47476,2024-05-02 12:00:00
136.0738,136.7485,2024-05-02 13:00:00
135.7479,133.7945,2024-05-02 14:00:00
136.09476,132.23225,2024-05-02 15:00:00
135.8946,133.04375,2024-05-02 16:00:00
135.70584,132.62025,2024-05-02 17:00:00
135.51115,132.60826,2024-05-02 18:00:00
135.26091,132.37225,2024-05-02 19:00:00
134.92003,134.64476,2024-05-02 20:00:00
134.64832,136.895,2024-05-02 21:00:00
135.0144,137.186,2024-05-02 22:00:00
135.2384,137.13576,2024-05-02 23:00:00
135.3535,138.31801,2024-05-03 00:00:00
135.3984,138.27225,2024-05-03 01:00:00
135.38144,137.7915,2024-05-03 02:00:00
135.44936,137.25226,2024-05-03 03:00:00
135.62021,137.15475,2024-05-03 04:00:00
135.67676,137.48875,2024-05-03 05:00:00
135.89053,136.70851,2024-05-03 06:00:00
135.98807,136.46976,2024-05-03 07:00:00
136.12184,136.2145,2024-05-03 08:00:00
136.07243,136.7625,2024-05-03 09:00:00
136.61484,136.34474,2024-05-03 10:00:00
136.74037,137.2185,2024-05-03 11:00:00
137.0184,136.80426,2024-05-03 12:00:00
137.04022,136.52725,2024-05-03 13:00:00
137.11815,136.69275,2024-05-03 14:00:00
137.5721,136.75401,2024-05-03 15:00:00
136.96881,136.83025,2024-05-03 16:00:00
136.9451,136.40427,2024-05-03 17:00:00
136.88704,136.592,2024-05-03 18:00:00
137.49054,136.81577,2024-05-03 19:00:00
136.60689,136.6315,2024-05-03 20:00:00
136.5683,136.65251,2024-05-03 21:00:00
136.99855,136.75874,2024-05-03 22:00:00
137.0078,136.37225,2024-05-03 23:00:00
137.21912,136.4405,2024-05-04 00:00:00
137.06667,136.526,2024-05-04 01:00:00
136.76292,136.281,2024-05-04 02:00:00
137.17032,136.24626,2024-05-04 03:00:00
137.21117,136.1555,2024-05-04 04:00:00
137.03891,136.7845,2024-05-04 05:00:00
136.9904,137.03426,2024-05-04 06:00:00
137.13208,137.832,2024-05-04 07:00:00
136.97157,137.6075,2024-05-04 08:00:00
136.94592,137.64725,2024-05-04 09:00:00
136.92744,137.39325,2024-05-04 10:00:00
136.75732,137.461,2024-05-04 11:00:00
136.77798,137.38551,2024-05-04 12:00:00
136.83395,137.62875,2024-05-04 13:00:00
136.58968,137.78801,2024-05-04 14:00:00
137.17006,137.48451,2024-05-04 15:00:00
136.51123,137.66225,2024-05-04 16:00:00
136.9318,137.61325,2024-05-04 17:00:00
136.8817,137.63376,2024-05-04 18:00:00
137.22804,137.58975,2024-05-04 19:00:00
136.52042,137.7355,2024-05-04 20:00:00
136.40175,137.77725,2024-05-04 21:00:00
136.30774,137.53151,2024-05-04 22:00:00
135.94841,137.3455,2024-05-04 23:00:00
135.87384,137.457,2024-05-05 00:00:00
135.81125,137.37251,2024-05-05 01:00:00
135.63667,137.5,2024-05-05 02:00:00
135.85551,137.40575,2024-05-05 03:00:00
135.67613,137.5395,2024-05-05 04:00:00
135.58492,137.81075,2024-05-05 05:00:00
135.63132,136.20401,2024-05-05 06:00:00
135.31404,135.5455,2024-05-05 07:00:00
135.38997,135.5285,2024-05-05 08:00:00
135.59589,135.74925,2024-05-05 09:00:00
135.31358,135.821,2024-05-05 10:00:00
135.10574,136.026,2024-05-05 11:00:00
135.03511,135.8775,2024-05-05 12:00:00
135.14246,135.92601,2024-05-05 13:00:00
134.65244,135.97325,2024-05-05 14:00:00
134.70059,135.765,2024-05-05 15:00:00
134.85052,135.989,2024-05-05 16:00:00
134.29578,135.781,2024-05-05 17:00:00
134.47163,136.07076,2024-05-05 18:00:00
135.13675,136.1365,2024-05-05 19:00:00
134.86208,135.8735,2024-05-05 20:00:00
134.5597,136.06,2024-05-05 21:00:00
134.54178,135.80475,2024-05-05 22:00:00
134.30423,135.9165,2024-05-05 23:00:00
134.17627,135.73026,2024-05-06 00:00:00
134.13048,135.80176,2024-05-06 01:00:00
133.83722,135.68875,2024-05-06 02:00:00
134.0227,135.70375,2024-05-06 03:00:00
134.29454,135.77701,2024-05-06 04:00:00
134.36038,135.6905,2024-05-06 05:00:00
134.797,135.56577,2024-05-06 06:00:00
134.78232,135.6665,2024-05-06 07:00:00
134.65869,135.89925,2024-05-06 08:00:00
134.55779,135.92375,2024-05-06 09:00:00
134.65668,135.883,2024-05-06 10:00:00
134.77876,136.07776,2024-05-06 11:00:00
134.76808,135.83725,2024-05-06 12:00:00
134.3811,135.90076,2024-05-06 13:00:00
134.3339,135.8265,2024-05-06 14:00:00
134.33646,135.7765,2024-05-06 15:00:00
135.40744,135.43901,2024-05-06 16:00:00
134.71849,135.80275,2024-05-06 17:00:00
134.3095,135.7995,2024-05-06 18:00:00
134.28073,135.963,2024-05-06 19:00:00
134.57986,135.7915,2024-05-06 20:00:00
134.80156,135.77174,2024-05-06 21:00:00
134.53777,135.89801,2024-05-06 22:00:00
134.15585,135.64375,2024-05-06 23:00:00
134.20494,135.34026,2024-05-07 00:00:00
134.08699,135.52925,2024-05-07 01:00:00
133.83066,135.60376,2024-05-07 02:00:00
133.85612,135.28625,2024-05-07 03:00:00
134.19646,135.61826,2024-05-07 04:00:00
134.05621,135.28876,2024-05-07 05:00:00
133.85176,133.46176,2024-05-07 06:00:00
133.8461,133.6285,2024-05-07 07:00:00
134.72192,133.51276,2024-05-07 08:00:00
134.01787,133.62825,2024-05-07 09:00:00
133.8218,133.87326,2024-05-07 10:00:00
134.00446,133.78825,2024-05-07 11:00:00
133.94519,133.66927,2024-05-07 12:00:00
133.97488,134.037,2024-05-07 13:00:00
133.46666,134.078,2024-05-07 14:00:00
133.31161,133.36775,2024-05-07 15:00:00
133.12189,133.77374,2024-05-07 16:00:00
132.97952,133.2915,2024-05-07 17:00:00
132.70206,133.57076,2024-05-07 18:00:00
132.62634,133.62326,2024-05-07 19:00:00
132.61446,133.35475,2024-05-07 20:00:00
132.28055,134.06825,2024-05-07 21:00:00
132.55164,133.9115,2024-05-07 22:00:00
132.53297,133.97852,2024-05-07 23:00:00
132.52406,133.92549,2024-05-08 00:00:00
132.11023,133.75075,2024-05-08 01:00:00
132.00238,133.89674,2024-05-08 02:00:00
131.69524,133.7945,2024-05-08 03:00:00
131.82213,134.13126,2024-05-08 04:00:00
131.91896,134.0415,2024-05-08 05:00:00
131.62521,133.511,2024-05-08 06:00:00
131.56972,132.68901,2024-05-08 07:00:00
132.38083,133.03099,2024-05-08 08:00:00
132.17047,132.84525,2024-05-08 09:00:00
132.02606,132.963,2024-05-08 10:00:00
132.18044,132.58775,2024-05-08 11:00:00
131.97661,133.24051,2024-05-08 12:00:00
132.20494,132.955,2024-05-08 13:00:00
132.19484,132.9125,2024-05-08 14:00:00
132.05745,133.507,2024-05-08 15:00:00
132.10657,133.32726,2024-05-08 16:00:00
132.33344,133.44875,2024-05-08 17:00:00
132.43375,133.34349,2024-05-08 18:00:00
132.61769,133.69676,2024-05-08 19:00:00
132.78183,133.22224,2024-05-08 20:00:00
132.40286,133.81425,2024-05-08 21:00:00
132.43668,133.5585,2024-05-08 22:00:00
132.39381,133.852,2024-05-08 23:00:00
132.22917,133.4145,2024-05-09 00:00:00
132.07986,133.68675,2024-05-09 01:00:00
131.85237,133.603,2024-05-09 02:00:00
131.57939,133.77,2024-05-09 03:00:00
131.48859,133.6675,2024-05-09 04:00:00
131.46553,133.57951,2024-05-09 05:00:00
131.49304,131.13226,2024-05-09 06:00:00
131.38747,130.27774,2024-05-09 07:00:00
131.13199,130.13075,2024-05-09 08:00:00
130.71869,129.987,2024-05-09 09:00:00
130.60757,130.30927,2024-05-09 10:00:00
130.60468,129.59825,2024-05-09 11:00:00
130.74915,129.94525,2024-05-09 12:00:00
130.77666,129.98625,2024-05-09 13:00:00
130.57983,130.54726,2024-05-09 14:00:00
130.40584,130.91475,2024-05-09 15:00:00
130.36867,130.6915,2024-05-09 16:00:00
130.3926,130.68051,2024-05-09 17:00:00
130.25806,130.5565,2024-05-09 18:00:00
130.15143,130.66551,2024-05-09 19:00:00
130.07524,130.43175,2024-05-09 20:00:00
129.86247,130.74124,2024-05-09 21:00:00
129.91937,130.63925,2024-05-09 22:00:00
129.68707,130.50624,2024-05-09 23:00:00
129.58401,130.55475,2024-05-10 00:00:00
129.84491,130.572,2024-05-10 01:00:00
129.72789,130.80426,2024-05-10 02:00:00
129.47707,130.51524,2024-05-10 03:00:00
129.35194,130.81625,2024-05-10 04:00:00
129.34842,130.414,2024-05-10 05:00:00
129.4728,129.57774,2024-05-10 06:00:00
129.46333,129.48076,2024-05-10 07:00:00
129.76477,128.547,2024-05-10 08:00:00
129.66135,127.83375,2024-05-10 09:00:00
129.72636,130.24475,2024-05-10 10:00:00
129.97826,129.44174,2024-05-10 11:00:00
129.80031,128.783,2024-05-10 12:00:00
129.51929,129.0075,2024-05-10 13:00:00
129.46674,129.444,2024-05-10 14:00:00
129.39082,130.218,2024-05-10 15:00:00
129.30959,130.51476,2024-05-10 16:00:00
129.47704,130.68326,2024-05-10 17:00:00
129.65106,130.99626,2024-05-10 18:00:00
129.91203,130.37076,2024-05-10 19:00:00
129.87218,130.60376,2024-05-10 20:00:00
129.90952,131.15425,2024-05-10 21:00:00
130.0949,130.92876,2024-05-10 22:00:00
129.96063,130.77899,2024-05-10 23:00:00
129.88397,130.20451,2024-05-11 00:00:00
129.85258,130.52701,2024-05-11 01:00:00
129.5978,130.32425,2024-05-11 02:00:00
129.32909,130.71526,2024-05-11 03:00:00
129.292,130.5785,2024-05-11 04:00:00
129.26042,130.423,2024-05-11 05:00:00
129.19157,128.87775,2024-05-11 06:00:00
129.28038,128.99525,2024-05-11 07:00:00
129.42313,129.59924,2024-05-11 08:00:00
129.10071,129.17876,2024-05-11 09:00:00
129.12872,129.09676,2024-05-11 10:00:00
129.15521,128.8575,2024-05-11 11:00:00
128.72961,128.66725,2024-05-11 12:00:00
128.80446,128.871,2024-05-11 13:00:00
128.89809,128.702,2024-05-11 14:00:00
128.8226,128.33424,2024-05-11 15:00:00
128.56184,128.89674,2024-05-11 16:00:00
128.39732,128.51201,2024-05-11 17:00:00
128.6102,128.7915,2024-05-11 18:00:00
128.67238,128.829,2024-05-11 19:00:00
128.518,128.27176,2024-05-11 20:00:00
128.34575,128.621,2024-05-11 21:00:00
128.73114,129.01375,2024-05-11 22:00:00
128.32913,128.64777,2024-05-11 23:00:00
128.44241,127.855,2024-05-12 00:00:00
128.27225,128.7515,2024-05-12 01:00:00
128.44318,129.00626,2024-05-12 02:00:00
128.1989,129.0135,2024-05-12 03:00:00
128.53693,128.703,2024-05-12 04:00:00
128.69496,128.47775,2024-05-12 05:00:00
128.74065,128.99675,2024-05-12 06:00:00
128.7253,128.29025,2024-05-12 07:00:00
128.98486,129.18576,2024-05-12 08:00:00
129.06332,128.30374,2024-05-12 09:00:00
129.29756,128.92125,2024-05-12 10:00:00
129.3918,128.40425,2024-05-12 11:00:00
129.34242,129.45575,2024-05-12 12:00:00
129.46977,130.1365,2024-05-12 13:00:00
129.60922,130.60951,2024-05-12 14:00:00
129.393,131.39175,2024-05-12 15:00:00
129.37787,131.41,2024-05-12 16:00:00
129.53769,131.2605,2024-05-12 17:00:00
129.54669,130.867,2024-05-12 18:00:00
129.57564,131.2365,2024-05-12 19:00:00
129.72453,131.48177,2024-05-12 20:00:00
129.39865,131.4675,2024-05-12 21:00:00
129.46895,131.11575,2024-05-12 22:00:00
129.46246,131.41899,2024-05-12 23:00:00
129.26666,131.47499,2024-05-13 00:00:00
129.4075,131.47475,2024-05-13 01:00:00
129.30759,131.15051,2024-05-13 02:00:00
129.1723,131.42549,2024-05-13 03:00:00
129.10712,131.40625,2024-05-13 04:00:00
128.94182,131.2315,2024-05-13 05:00:00
129.10818,129.24124,2024-05-13 06:00:00
129.21167,128.496,2024-05-13 07:00:00
129.39977,128.50575,2024-05-13 08:00:00
129.18256,128.36475,2024-05-13 09:00:00
129.20616,128.282,2024-05-13 10:00:00
129.13792,128.303,2024-05-13 11:00:00
128.68767,128.242,2024-05-13 12:00:00
128.87395,128.3335,2024-05-13 13:00:00
128.67647,128.35352,2024-05-13 14:00:00
128.8356,128.275,2024-05-13 15:00:00
128.37231,128.6685,2024-05-13 16:00:00
128.40361,128.2565,2024-05-13 17:00:00
128.54933,129.144,2024-05-13 18:00:00
128.61081,128.6285,2024-05-13 19:00:00
128.89775,128.498,2024-05-13 20:00:00
128.45154,128.19301,2024-05-13 21:00:00
128.53621,128.25674,2024-05-13 22:00:00
128.52913,128.28676,2024-05-13 23:00:00
128.48296,128.4115,2024-05-14 00:00:00
128.7155,128.27301,2024-05-14 01:00:00
128.42831,128.3545,2024-05-14 02:00:00
128.22516,128.227,2024-05-14 03:00:00
128.0919,128.24275,2024-05-14 04:00:00
128.20033,128.5345,2024-05-14 05:00:00
128.41074,127.272,2024-05-14 06:00:00
128.31265,128.43726,2024-05-14 07:00:00
128.5821,128.24251,2024-05-14 08:00:00
128.48709,128.672,2024-05-14 09:00:00
128.61978,128.41025,2024-05-14 10:00:00
128.78883,127.863754,2024-05-14 11:00:00
128.80705,127.603,2024-05-14 12:00:00
128.53313,128.2395,2024-05-14 13:00:00
128.68187,128.14326,2024-05-14 14:00:00
128.81604,128.25125,2024-05-14 15:00:00
128.99034,128.07475,2024-05-14 16:00:00
128.97644,128.228,2024-05-14 17:00:00
128.76555,128.09325,2024-05-14 18:00:00
128.72697,128.3155,2024-05-14 19:00:00
128.65907,128.07901,2024-05-14 20:00:00
128.78125,128.0525,2024-05-14 21:00:00
129.08789,128.737,2024-05-14 22:00:00
129.12062,128.18051,2024-05-14 23:00:00
129.21632,128.41876,2024-05-15 00:00:00
128.94168,128.912,2024-05-15 01:00:00
128.57855,128.56274,2024-05-15 02:00:00
128.2429,128.14874,2024-05-15 03:00:00
128.22992,128.38501,2024-05-15 04:00:00
128.14362,127.82901,2024-05-15 05:00:00
128.19835,128.05975,2024-05-15 06:00:00
128.06091,127.51725,2024-05-15 07:00:00
128.27542,127.75901,2024-05-15 08:00:00
127.92563,128.203,2024-05-15 09:00:00
127.73806,128.31175,2024-05-15 10:00:00
127.74388,127.695755,2024-05-15 11:00:00
127.78106,127.917,2024-05-15 12:00:00
127.78449,127.663506,2024-05-15 13:00:00
127.857124,127.5805,2024-05-15 14:00:00
127.46522,128.12476,2024-05-15 15:00:00
128.06238,128.07675,2024-05-15 16:00:00
127.7788,127.8585,2024-05-15 17:00:00
127.65878,127.813995,2024-05-15 18:00:00
127.61493,128.02701,2024-05-15 19:00:00
128.09612,127.91726,2024-05-15 20:00:00
127.829254,127.97251,2024-05-15 21:00:00
127.976845,128.05525,2024-05-15 22:00:00
127.76115,128.13525,2024-05-15 23:00:00
127.76108,127.663,2024-05-16 00:00:00
127.67775,127.35901,2024-05-16 01:00:00
127.84026,127.72325,2024-05-16 02:00:00
127.90333,127.62626,2024-05-16 03:00:00
128.08975,127.810745,2024-05-16 04:00:00
128.51892,128.00175,2024-05-16 05:00:00
128.41199,127.88325,2024-05-16 06:00:00
128.32681,127.88,2024-05-16 07:00:00
128.53017,127.74901,2024-05-16 08:00:00
128.22346,128.1495,2024-05-16 09:00:00
128.43352,128.1105,2024-05-16 10:00:00
128.37206,127.771,2024-05-16 11:00:00
128.3538,128.0465,2024-05-16 12:00:00
128.26724,127.9605,2024-05-16 13:00:00
128.50745,128.25826,2024-05-16 14:00:00
128.30609,128.25525,2024-05-16 15:00:00
128.31955,127.691246,2024-05-16 16:00:00
127.84914,127.92051,2024-05-16 17:00:00
128.14946,127.88475,2024-05-16 18:00:00
127.57508,127.56,2024-05-16 19:00:00
127.552315,128.05125,2024-05-16 20:00:00
127.62496,127.78575,2024-05-16 21:00:00
127.839096,128.7015,2024-05-16 22:00:00
127.573006,127.66001,2024-05-16 23:00:00
127.62005,127.98625,2024-05-17 00:00:00
127.78231,128.29501,2024-05-17 01:00:00
127.785706,127.684006,2024-05-17 02:00:00
127.5626,127.95201,2024-05-17 03:00:00
127.421875,127.45775,2024-05-17 04:00:00
127.50699,128.42851,2024-05-17 05:00:00
127.87969,128.409,2024-05-17 06:00:00
127.7504,127.846756,2024-05-17 07:00:00
127.647125,128.72527,2024-05-17 08:00:00
127.75274,128.1945,2024-05-17 09:00:00
127.9536,128.852,2024-05-17 10:00:00
127.92012,128.668,2024-05-17 11:00:00
127.69799,128.56625,2024-05-17 12:00:00
128.24826,128.45474,2024-05-17 13:00:00
128.14543,128.22224,2024-05-17 14:00:00
128.38379,128.01225,2024-05-17 15:00:00
128.06471,128.2605,2024-05-17 16:00:00
127.82248,128.9485,2024-05-17 17:00:00
128.73958,129.1645,2024-05-17 18:00:00
128.18405,128.47675,2024-05-17 19:00:00
127.701935,128.0565,2024-05-17 20:00:00
128.02861,128.6615,2024-05-17 21:00:00
128.02827,127.40126,2024-05-17 22:00:00
127.9944,128.11325,2024-05-17 23:00:00
127.892525,128.05125,2024-05-18 00:00:00
127.53103,127.98926,2024-05-18 01:00:00
127.52055,127.98076,2024-05-18 02:00:00
127.88897,127.982506,2024-05-18 03:00:00
127.722496,128.14175,2024-05-18 04:00:00
127.67922,128.4455,2024-05-18 05:00:00
127.6126,129.43425,2024-05-18 06:00:00
127.63759,128.66125,2024-05-18 07:00:00
127.56536,128.6885,2024-05-18 08:00:00
127.96081,128.88525,2024-05-18 09:00:00
128.03293,129.44426,2024-05-18 10:00:00
128.38478,128.9015,2024-05-18 11:00:00
128.54523,128.4555,2024-05-18 12:00:00
128.79697,128.364,2024-05-18 13:00:00
128.80634,128.57376,2024-05-18 14:00:00
128.67358,128.57875,2024-05-18 15:00:00
128.84082,128.64452,2024-05-18 16:00:00
128.28362,128.6775,2024-05-18 17:00:00
128.10292,128.71951,2024-05-18 18:00:00
128.25832,129.5535,2024-05-18 19:00:00
128.4692,129.0,2024-05-18 20:00:00
128.85696,129.19075,2024-05-18 21:00:00
129.00699,128.43575,2024-05-18 22:00:00
129.1251,129.44876,2024-05-18 23:00:00
129.84174,128.785,2024-05-19 00:00:00
129.59137,128.99025,2024-05-19 01:00:00
129.49678,128.59875,2024-05-19 02:00:00
129.52733,128.8755,2024-05-19 03:00:00
129.6957,129.01125,2024-05-19 04:00:00
129.61487,128.62825,2024-05-19 05:00:00
129.54726,130.66325,2024-05-19 06:00:00
129.75926,131.2355,2024-05-19 07:00:00
130.20567,131.35976,2024-05-19 08:00:00
130.41428,131.882,2024-05-19 09:00:00
130.57959,131.74251,2024-05-19 10:00:00
130.82982,131.52,2024-05-19 11:00:00
131.88823,131.62025,2024-05-19 12:00:00
131.5999,131.6165,2024-05-19 13:00:00
131.85115,132.01701,2024-05-19 14:00:00
131.86357,131.6485,2024-05-19 15:00:00
131.97314,132.24576,2024-05-19 16:00:00
132.07814,131.7635,2024-05-19 17:00:00
131.68445,132.03474,2024-05-19 18:00:00
131.48651,131.88376,2024-05-19 19:00:00
132.00594,131.89401,2024-05-19 20:00:00
131.41899,131.73724,2024-05-19 21:00:00
131.12769,131.77025,2024-05-19 22:00:00
131.24316,131.52075,2024-05-19 23:00:00
131.85939,131.11826,2024-05-20 00:00:00
131.5178,131.77675,2024-05-20 01:00:00
130.79019,131.98901,2024-05-20 02:00:00
129.67482,132.78226,2024-05-20 03:00:00
129.24373,132.39275,2024-05-20 04:00:00
129.9277,132.5155,2024-05-20 05:00:00
130.44185,131.1055,2024-05-20 06:00:00
131.69165,130.72751,2024-05-20 07:00:00
132.89658,131.45801,2024-05-20 08:00:00
133.60056,130.60425,2024-05-20 09:00:00
133.88326,130.33151,2024-05-20 10:00:00
133.40968,129.96675,2024-05-20 11:00:00
132.50235,129.6925,2024-05-20 12:00:00
130.92006,128.795,2024-05-20 13:00:00
129.48576,129.44876,2024-05-20 14:00:00
128.1673,129.758,2024-05-20 15:00:00
128.73285,130.02525,2024-05-20 16:00:00
129.20773,129.2785,2024-05-20 17:00:00
128.91435,129.349,2024-05-20 18:00:00
130.2683,128.7265,2024-05-20 19:00:00
132.63959,129.1755,2024-05-20 20:00:00
132.21825,129.56801,2024-05-20 21:00:00
129.03163,130.16676,2024-05-20 22:00:00
124.9382,130.10477,2024-05-20 23:00:00
120.59942,129.78926,2024-05-21 00:00:00
114.83809,129.5875,2024-05-21 01:00:00
109.0454,129.78426,2024-05-21 02:00:00
103.34203,129.665,2024-05-21 03:00:00
96.38982,130.03876,2024-05-21 04:00:00
87.02575,128.99675,2024-05-21 05:00:00
81.19016,67.89525,2024-05-21 06:00:00
74.8632,46.9065,2024-05-21 07:00:00
69.392525,46.195248,2024-05-21 08:00:00
66.70505,46.36075,2024-05-21 09:00:00
64.69762,46.30325,2024-05-21 10:00:00
62.940155,46.3005,2024-05-21 11:00:00
61.235332,46.328,2024-05-21 12:00:00
60.90637,46.11775,2024-05-21 13:00:00
61.783028,45.99875,2024-05-21 14:00:00
63.807133,46.11725,2024-05-21 15:00:00
66.3146,46.891003,2024-05-21 16:00:00
70.393105,46.10775,2024-05-21 17:00:00
74.86839,74.49275,2024-05-21 18:00:00
77.04857,88.060005,2024-05-21 19:00:00
76.29343,91.818756,2024-05-21 20:00:00
74.58263,96.6595,2024-05-21 21:00:00
73.17477,100.16225,2024-05-21 22:00:00
72.08137,100.31025,2024-05-21 23:00:00
71.36045,99.8855,2024-05-22 00:00:00
72.24356,99.1155,2024-05-22 01:00:00
74.57114,101.231,2024-05-22 02:00:00
77.37504,101.17025,2024-05-22 03:00:00
82.732605,100.58075,2024-05-22 04:00:00
91.89911,99.84274,2024-05-22 05:00:00
104.36592,112.685,2024-05-22 06:00:00
112.1317,129.76,2024-05-22 07:00:00
117.19203,130.86975,2024-05-22 08:00:00
119.745575,129.03375,2024-05-22 09:00:00
120.84722,129.896,2024-05-22 10:00:00
122.31107,129.881,2024-05-22 11:00:00
124.75841,129.18275,2024-05-22 12:00:00
127.49241,128.68451,2024-05-22 13:00:00
128.15422,128.92549,2024-05-22 14:00:00
127.7265,129.03726,2024-05-22 15:00:00
126.67759,129.072,2024-05-22 16:00:00
125.1706,129.30026,2024-05-22 17:00:00
123.53089,127.626,2024-05-22 18:00:00
124.75951,125.93176,2024-05-22 19:00:00
126.41719,125.77926,2024-05-22 20:00:00
125.80186,126.08775,2024-05-22 21:00:00
124.581116,125.872505,2024-05-22 22:00:00
125.12123,124.98926,2024-05-22 23:00:00
126.52334,127.316505,2024-05-23 00:00:00
127.52151,125.68301,2024-05-23 01:00:00
127.29454,125.98126,2024-05-23 02:00:00
127.400406,125.43376,2024-05-23 03:00:00
128.07344,125.37575,2024-05-23 04:00:00
128.56772,125.55176,2024-05-23 05:00:00
127.92895,125.224,2024-05-23 06:00:00
127.02706,128.20276,2024-05-23 07:00:00
127.531654,127.512505,2024-05-23 08:00:00
127.650116,127.701256,2024-05-23 09:00:00
127.182365,128.44775,2024-05-23 10:00:00
125.997284,127.86551,2024-05-23 11:00:00
125.80548,127.714005,2024-05-23 12:00:00
125.99853,124.01801,2024-05-23 13:00:00
125.757385,123.21576,2024-05-23 14:00:00
125.91591,126.792755,2024-05-23 15:00:00
125.75769,127.20475,2024-05-23 16:00:00
125.37751,127.14651,2024-05-23 17:00:00
125.37004,126.51226,2024-05-23 18:00:00
125.221504,127.48476,2024-05-23 19:00:00
125.70588,127.323006,2024-05-23 20:00:00
126.58601,127.87701,2024-05-23 21:00:00
127.4293,127.838745,2024-05-23 22:00:00
127.493454,127.983,2024-05-23 23:00:00
126.59509,127.61226,2024-05-24 00:00:00
126.13317,127.74076,2024-05-24 01:00:00
125.68204,127.120255,2024-05-24 02:00:00
125.425,127.593506,2024-05-24 03:00:00
125.21462,128.11276,2024-05-24 04:00:00
124.85881,127.85175,2024-05-24 05:00:00
125.42146,128.08626,2024-05-24 06:00:00
126.81989,128.197,2024-05-24 07:00:00
127.75993,127.70801,2024-05-24 08:00:00
128.2452,127.69551,2024-05-24 09:00:00
129.15067,127.965,2024-05-24 10:00:00
129.72276,127.5045,2024-05-24 11:00:00
129.3894,127.99625,2024-05-24 12:00:00
129.09769,128.30826,2024-05-24 13:00:00
129.13191,127.87351,2024-05-24 14:00:00
128.0334,126.94825,2024-05-24 15:00:00
127.544334,127.456245,2024-05-24 16:00:00
127.52118,128.30525,2024-05-24 17:00:00
128.09302,128.45625,2024-05-24 18:00:00
128.66971,128.06125,2024-05-24 19:00:00
128.07613,128.061,2024-05-24 20:00:00
127.49401,127.91176,2024-05-24 21:00:00
127.85054,127.53976,2024-05-24 22:00:00
128.06319,127.71675,2024-05-24 23:00:00
127.6131,127.43651,2024-05-25 00:00:00
127.47555,127.554245,2024-05-25 01:00:00
128.17299,127.94526,2024-05-25 02:00:00
128.18985,128.054,2024-05-25 03:00:00
128.08101,127.85226,2024-05-25 04:00:00
127.993675,128.0765,2024-05-25 05:00:00
128.17836,125.02726,2024-05-25 06:00:00
127.94471,122.967,2024-05-25 07:00:00
127.42791,128.30476,2024-05-25 08:00:00
127.357376,128.945,2024-05-25 09:00:00
127.75523,128.61026,2024-05-25 10:00:00
128.1073,128.54475,2024-05-25 11:00:00
128.4247,128.8725,2024-05-25 12:00:00
128.21178,128.92874,2024-05-25 13:00:00
129.0556,129.1505,2024-05-25 14:00:00
128.94849,128.63449,2024-05-25 15:00:00
128.43031,129.083,2024-05-25 16:00:00
128.42685,129.13,2024-05-25 17:00:00
128.63957,127.86226,2024-05-25 18:00:00
128.47572,127.404,2024-05-25 19:00:00
128.04034,127.99275,2024-05-25 20:00:00
127.791664,128.27176,2024-05-25 21:00:00
127.847015,128.68526,2024-05-25 22:00:00
127.96115,128.043,2024-05-25 23:00:00
127.9362,128.546,2024-05-26 00:00:00
127.88205,127.77925,2024-05-26 01:00:00
127.810356,128.035,2024-05-26 02:00:00
127.85035,128.43451,2024-05-26 03:00:00
128.02597,128.2255,2024-05-26 04:00:00
128.0817,128.412,2024-05-26 05:00:00
128.19089,128.52126,2024-05-26 06:00:00
128.34068,128.30426,2024-05-26 07:00:00
128.00105,128.2575,2024-05-26 08:00:00
127.77036,128.269,2024-05-26 09:00:00
127.53452,127.86975,2024-05-26 10:00:00
127.73851,128.06375,2024-05-26 11:00:00
127.48206,128.0635,2024-05-26 12:00:00
127.646965,128.32,2024-05-26 13:00:00
127.389595,127.94,2024-05-26 14:00:00
127.58528,127.96975,2024-05-26 15:00:00
127.78178,127.8485,2024-05-26 16:00:00
127.73547,128.02675,2024-05-26 17:00:00
127.56763,128.43025,2024-05-26 18:00:00
127.310265,128.34601,2024-05-26 19:00:00
127.60896,128.29399,2024-05-26 20:00:00
127.36966,128.0625,2024-05-26 21:00:00
127.123375,127.9145,2024-05-26 22:00:00
127.35252,126.73225,2024-05-26 23:00:00
127.55903,126.689,2024-05-27 00:00:00
127.75591,126.4605,2024-05-27 01:00:00
127.72916,126.549995,2024-05-27 02:00:00
127.833145,126.54026,2024-05-27 03:00:00
127.882065,126.179,2024-05-27 04:00:00
127.97961,127.27375,2024-05-27 05:00:00
128.04503,128.82751,2024-05-27 06:00:00
128.09637,128.50851,2024-05-27 07:00:00
128.36821,128.42201,2024-05-27 08:00:00
128.37068,128.7365,2024-05-27 09:00:00
128.28723,128.81026,2024-05-27 10:00:00
128.24246,128.6325,2024-05-27 11:00:00
128.82864,126.662,2024-05-27 12:00:00
129.0782,129.7665,2024-05-27 13:00:00
129.03566,129.23625,2024-05-27 14:00:00
128.65717,128.9625,2024-05-27 15:00:00
128.12311,128.35677,2024-05-27 16:00:00
128.28699,128.927,2024-05-27 17:00:00
128.63937,128.23901,2024-05-27 18:00:00
128.3215,128.80325,2024-05-27 19:00:00
128.23746,128.36375,2024-05-27 20:00:00
128.48013,128.61575,2024-05-27 21:00:00
128.53156,128.51276,2024-05-27 22:00:00
128.52875,128.53326,2024-05-27 23:00:00
128.37839,128.59125,2024-05-28 00:00:00
128.33226,128.0705,2024-05-28 01:00:00
128.31163,127.713005,2024-05-28 02:00:00
128.26762,128.2195,2024-05-28 03:00:00
128.22375,127.88625,2024-05-28 04:00:00
128.00987,128.02325,2024-05-28 05:00:00
128.5202,128.17924,2024-05-28 06:00:00
128.68878,128.5775,2024-05-28 07:00:00
128.54713,128.59251,2024-05-28 08:00:00
128.50378,128.78676,2024-05-28 09:00:00
128.96143,128.70274,2024-05-28 10:00:00
129.02246,128.44626,2024-05-28 11:00:00
129.0974,128.98825,2024-05-28 12:00:00
128.6519,128.80174,2024-05-28 13:00:00
128.5788,129.17325,2024-05-28 14:00:00
128.63535,128.88277,2024-05-28 15:00:00
128.7948,129.27376,2024-05-28 16:00:00
128.3448,128.21326,2024-05-28 17:00:00
128.44566,128.30075,2024-05-28 18:00:00
128.4674,128.65051,2024-05-28 19:00:00
128.03046,128.40475,2024-05-28 20:00:00
127.85955,128.48175,2024-05-28 21:00:00
127.78324,128.726,2024-05-28 22:00:00
127.89196,128.85075,2024-05-28 23:00:00
127.81016,128.27824,2024-05-29 00:00:00
127.373505,128.46925,2024-05-29 01:00:00
126.93346,128.169,2024-05-29 02:00:00
127.03516,128.11526,2024-05-29 03:00:00
127.18264,128.007,2024-05-29 04:00:00
127.475235,128.047,2024-05-29 05:00:00
127.1358,127.263504,2024-05-29 06:00:00
127.371086,127.25475,2024-05-29 07:00:00
127.34449,127.08,2024-05-29 08:00:00
127.375015,127.27601,2024-05-29 09:00:00
127.2872,127.35975,2024-05-29 10:00:00
127.41809,127.71851,2024-05-29 11:00:00
127.59414,127.19576,2024-05-29 12:00:00
127.2794,127.09701,2024-05-29 13:00:00
126.59456,127.47726,2024-05-29 14:00:00
126.56807,127.484,2024-05-29 15:00:00
126.220825,127.495255,2024-05-29 16:00:00
126.175385,126.937256,2024-05-29 17:00:00
126.283,126.590004,2024-05-29 18:00:00
126.12765,126.99425,2024-05-29 19:00:00
125.67992,126.93601,2024-05-29 20:00:00
125.445335,126.42401,2024-05-29 21:00:00
124.76939,126.69,2024-05-29 22:00:00
124.69517,127.4865,2024-05-29 23:00:00
124.55099,127.235245,2024-05-30 00:00:00
123.78158,126.722,2024-05-30 01:00:00
123.19095,126.482254,2024-05-30 02:00:00
122.29808,126.75226,2024-05-30 03:00:00
121.90438,126.407005,2024-05-30 04:00:00
120.90768,126.533005,2024-05-30 05:00:00
120.03947,107.37125,2024-05-30 06:00:00
118.35724,102.26425,2024-05-30 07:00:00
116.944084,102.396,2024-05-30 08:00:00
115.01554,102.0465,2024-05-30 09:00:00
113.173134,101.7465,2024-05-30 10:00:00
112.06817,101.61775,2024-05-30 11:00:00
111.12707,101.829254,2024-05-30 12:00:00
110.21529,102.05975,2024-05-30 13:00:00
109.68131,101.50825,2024-05-30 14:00:00
109.36817,100.80051,2024-05-30 15:00:00
109.0987,101.92475,2024-05-30 16:00:00
109.27256,101.194,2024-05-30 17:00:00
109.40486,111.157,2024-05-30 18:00:00
108.69002,118.8055,2024-05-30 19:00:00
107.64482,118.552246,2024-05-30 20:00:00
106.61684,119.404495,2024-05-30 21:00:00
105.34822,117.79075,2024-05-30 22:00:00
104.204285,118.79,2024-05-30 23:00:00
103.63974,118.47725,2024-05-31 00:00:00
103.17086,118.4825,2024-05-31 01:00:00
104.144066,118.66925,2024-05-31 02:00:00
105.514336,118.90825,2024-05-31 03:00:00
108.00717,118.57575,2024-05-31 04:00:00
111.18199,117.898994,2024-05-31 05:00:00
115.58909,120.985,2024-05-31 06:00:00
118.68005,123.450005,2024-05-31 07:00:00
121.99927,124.34201,2024-05-31 08:00:00
124.27995,123.43351,2024-05-31 09:00:00
125.12224,127.1285,2024-05-31 10:00:00
125.44361,127.22275,2024-05-31 11:00:00
125.52364,127.090996,2024-05-31 12:00:00
125.42337,126.6685,2024-05-31 13:00:00
125.178635,128.38176,2024-05-31 14:00:00
125.36055,127.65526,2024-05-31 15:00:00
125.06774,129.35175,2024-05-31 16:00:00
125.14413,127.434746,2024-05-31 17:00:00
125.6112,126.47301,2024-05-31 18:00:00
126.53393,127.08626,2024-05-31 19:00:00
127.09974,127.8585,2024-05-31 20:00:00
127.40506,127.85525,2024-05-31 21:00:00
127.332886,126.658,2024-05-31 22:00:00
127.970894,126.185005,2024-05-31 23:00:00
128.03654,125.9085,2024-06-01 00:00:00
128.25256,126.17926,2024-06-01 01:00:00
128.23674,126.8995,2024-06-01 02:00:00
128.44257,125.9585,2024-06-01 03:00:00
128.48233,126.23701,2024-06-01 04:00:00
128.37198,126.479996,2024-06-01 05:00:00
128.3098,126.807,2024-06-01 06:00:00
128.62491,126.99425,2024-06-01 07:00:00
128.6382,127.468254,2024-06-01 08:00:00
128.94534,126.8815,2024-06-01 09:00:00
128.84697,127.21001,2024-06-01 10:00:00
128.79996,127.006256,2024-06-01 11:00:00
128.50148,126.784004,2024-06-01 12:00:00
128.51933,126.7235,2024-06-01 13:00:00
128.47707,126.51,2024-06-01 14:00:00
128.56049,126.90826,2024-06-01 15:00:00
128.62447,128.2955,2024-06-01 16:00:00
128.83174,128.7415,2024-06-01 17:00:00
128.82527,128.654,2024-06-01 18:00:00
129.03918,129.072,2024-06-01 19:00:00
128.75195,128.50075,2024-06-01 20:00:00
128.35219,128.89926,2024-06-01 21:00:00
128.02003,128.8045,2024-06-01 22:00:00
127.83491,129.01775,2024-06-01 23:00:00
127.31911,128.67075,2024-06-02 00:00:00
127.2344,128.75975,2024-06-02 01:00:00
126.91756,128.73875,2024-06-02 02:00:00
127.161644,128.70651,2024-06-02 03:00:00
127.45544,128.93625,2024-06-02 04:00:00
127.44587,128.61299,2024-06-02 05:00:00
127.53542,131.41075,2024-06-02 06:00:00
127.8632,132.05775,2024-06-02 07:00:00
128.21489,133.47101,2024-06-02 08:00:00
128.87024,132.60725,2024-06-02 09:00:00
129.23248,132.3045,2024-06-02 10:00:00
129.51198,132.27625,2024-06-02 11:00:00
129.53616,132.57451,2024-06-02 12:00:00
129.48592,132.6015,2024-06-02 13:00:00
129.14502,132.662,2024-06-02 14:00:00
128.516,132.612,2024-06-02 15:00:00
128.46562,134.27475,2024-06-02 16:00:00
128.13293,136.59726,2024-06-02 17:00:00
127.780754,137.26575,2024-06-02 18:00:00
127.84311,136.74875,2024-06-02 19:00:00
127.95848,131.24101,2024-06-02 20:00:00
128.26509,128.18175,2024-06-02 21:00:00
128.229,125.535255,2024-06-02 22:00:00
127.98596,121.709,2024-06-02 23:00:00
127.468704,120.01375,2024-06-03 00:00:00
126.895226,119.7705,2024-06-03 01:00:00
126.29435,120.00125,2024-06-03 02:00:00
125.76587,119.74425,2024-06-03 03:00:00
125.46978,121.257,2024-06-03 04:00:00
124.99482,121.33426,2024-06-03 05:00:00
124.65757,118.52475,2024-06-03 06:00:00
124.35257,116.182,2024-06-03 07:00:00
123.9154,117.582,2024-06-03 08:00:00
123.243324,116.45274,2024-06-03 09:00:00
122.95806,116.90325,2024-06-03 10:00:00
122.57862,117.24,2024-06-03 11:00:00
122.26891,117.026,2024-06-03 12:00:00
121.66199,116.76625,2024-06-03 13:00:00
121.16798,117.231255,2024-06-03 14:00:00
121.21816,116.84225,2024-06-03 15:00:00
120.72025,117.834,2024-06-03 16:00:00
120.17883,119.761,2024-06-03 17:00:00
120.0105,120.00175,2024-06-03 18:00:00
119.83072,122.754005,2024-06-03 19:00:00
119.63924,124.12526,2024-06-03 20:00:00
119.218864,123.411255,2024-06-03 21:00:00
118.88095,123.35375,2024-06-03 22:00:00
118.99547,125.99126,2024-06-03 23:00:00
119.15551,126.69201,2024-06-04 00:00:00
119.300026,128.78624,2024-06-04 01:00:00
119.99189,128.4105,2024-06-04 02:00:00
120.58086,127.484505,2024-06-04 03:00:00
121.20987,127.692,2024-06-04 04:00:00
122.085884,129.467,2024-06-04 05:00:00
123.18666,129.18675,2024-06-04 06:00:00
124.1827,129.89151,2024-06-04 07:00:00
125.222336,127.43625,2024-06-04 08:00:00
125.79229,127.5245,2024-06-04 09:00:00
126.31113,127.465004,2024-06-04 10:00:00
126.52038,126.893,2024-06-04 11:00:00
127.12098,127.21576,2024-06-04 12:00:00
127.448875,127.130005,2024-06-04 13:00:00
127.54034,127.172005,2024-06-04 14:00:00
127.63302,127.3845,2024-06-04 15:00:00
127.51082,126.77951,2024-06-04 16:00:00
127.923546,127.0545,2024-06-04 17:00:00
128.36899,127.00175,2024-06-04 18:00:00
128.62282,126.7495,2024-06-04 19:00:00
128.75241,126.54526,2024-06-04 20:00:00
129.07503,127.05925,2024-06-04 21:00:00
129.19182,127.50075,2024-06-04 22:00:00
129.55367,127.22051,2024-06-04 23:00:00
129.92824,126.6725,2024-06-05 00:00:00
129.49774,129.6345,2024-06-05 01:00:00
129.70679,134.22375,2024-06-05 02:00:00
130.19725,135.22499,2024-06-05 03:00:00
130.41356,135.271,2024-06-05 04:00:00
130.64433,135.62325,2024-06-05 05:00:00
131.19061,131.46451,2024-06-05 06:00:00
131.5351,131.95775,2024-06-05 07:00:00
131.55746,131.9075,2024-06-05 08:00:00
131.59251,132.57025,2024-06-05 09:00:00
131.36583,132.08,2024-06-05 10:00:00
131.48392,132.24951,2024-06-05 11:00:00
131.90924,132.38774,2024-06-05 12:00:00
132.08751,132.72325,2024-06-05 13:00:00
132.38127,132.686,2024-06-05 14:00:00
132.50305,132.62076,2024-06-05 15:00:00
132.50401,131.79276,2024-06-05 16:00:00
132.13911,132.80775,2024-06-05 17:00:00
132.36342,132.319,2024-06-05 18:00:00
132.25806,132.159,2024-06-05 19:00:00
132.05942,132.54126,2024-06-05 20:00:00
131.69284,132.951,2024-06-05 21:00:00
131.43199,132.395,2024-06-05 22:00:00
131.79266,132.90926,2024-06-05 23:00:00
132.09146,132.63301,2024-06-06 00:00:00
132.49,133.01976,2024-06-06 01:00:00
132.40086,132.39426,2024-06-06 02:00:00
133.08699,132.77525,2024-06-06 03:00:00
133.66429,133.1145,2024-06-06 04:00:00
134.06332,133.03575,2024-06-06 05:00:00
134.68814,135.323,2024-06-06 06:00:00
134.84976,137.2095,2024-06-06 07:00:00
135.16446,137.0065,2024-06-06 08:00:00
135.04022,137.16576,2024-06-06 09:00:00
135.34015,136.6375,2024-06-06 10:00:00
135.29926,135.737,2024-06-06 11:00:00
135.36166,137.51225,2024-06-06 12:00:00
135.62978,136.84377,2024-06-06 13:00:00
135.62016,136.54451,2024-06-06 14:00:00
135.51816,136.7765,2024-06-06 15:00:00
135.50069,137.34177,2024-06-06 16:00:00
135.84982,137.08551,2024-06-06 17:00:00
136.12827,136.80525,2024-06-06 18:00:00
135.78407,136.54475,2024-06-06 19:00:00
136.10687,136.62701,2024-06-06 20:00:00
135.90138,136.884,2024-06-06 21:00:00
136.25659,137.149,2024-06-06 22:00:00
136.4391,136.69025,2024-06-06 23:00:00
136.19493,136.197,2024-06-07 00:00:00
136.06892,136.69202,2024-06-07 01:00:00
136.08089,137.0695,2024-06-07 02:00:00
135.92302,136.84575,2024-06-07 03:00:00
135.80879,136.56775,2024-06-07 04:00:00
135.65825,136.9355,2024-06-07 05:00:00
135.5396,135.38174,2024-06-07 06:00:00
135.51785,134.34575,2024-06-07 07:00:00
135.84605,135.58975,2024-06-07 08:00:00
135.65007,134.99475,2024-06-07 09:00:00
135.34285,135.224,2024-06-07 10:00:00
135.44243,135.181,2024-06-07 11:00:00
135.3792,135.14775,2024-06-07 12:00:00
135.64638,134.6915,2024-06-07 13:00:00
135.09192,137.06926,2024-06-07 14:00:00
135.1451,136.388,2024-06-07 15:00:00
134.88187,136.82875,2024-06-07 16:00:00
134.57372,136.168,2024-06-07 17:00:00
134.88077,136.395,2024-06-07 18:00:00
135.1401,134.8995,2024-06-07 19:00:00
134.97968,134.76324,2024-06-07 20:00:00
134.91222,134.63976,2024-06-07 21:00:00
134.8851,135.011,2024-06-07 22:00:00
135.1534,135.12976,2024-06-07 23:00:00
135.11115,134.1315,2024-06-08 00:00:00
134.90135,134.38625,2024-06-08 01:00:00
134.8818,134.81226,2024-06-08 02:00:00
134.72485,134.12225,2024-06-08 03:00:00
134.94673,134.23625,2024-06-08 04:00:00
134.75993,134.70975,2024-06-08 05:00:00
135.10393,134.64426,2024-06-08 06:00:00
135.17886,135.54451,2024-06-08 07:00:00
136.06163,135.06075,2024-06-08 08:00:00
135.78508,135.05501,2024-06-08 09:00:00
135.64748,135.2825,2024-06-08 10:00:00
135.6666,135.079,2024-06-08 11:00:00
135.92358,135.341,2024-06-08 12:00:00
135.77303,135.25426,2024-06-08 13:00:00
135.8938,135.33376,2024-06-08 14:00:00
135.40039,135.095,2024-06-08 15:00:00
135.37454,135.16725,2024-06-08 16:00:00
135.0378,135.21225,2024-06-08 17:00:00
135.20866,135.054,2024-06-08 18:00:00
135.16692,134.9095,2024-06-08 19:00:00
135.34625,135.3625,2024-06-08 20:00:00
135.35234,134.884,2024-06-08 21:00:00
135.04587,134.725,2024-06-08 22:00:00
135.21149,135.268,2024-06-08 23:00:00
135.19319,135.09901,2024-06-09 00:00:00
134.72481,135.0885,2024-06-09 01:00:00
134.44548,134.6205,2024-06-09 02:00:00
134.0868,134.88226,2024-06-09 03:00:00
133.57741,135.07825,2024-06-09 04:00:00
133.2372,134.951,2024-06-09 05:00:00
132.77924,131.0345,2024-06-09 06:00:00
132.64914,129.88576,2024-06-09 07:00:00
132.9588,129.6015,2024-06-09 08:00:00
131.97853,129.48575,2024-06-09 09:00:00
131.68567,129.295,2024-06-09 10:00:00
131.55002,129.3615,2024-06-09 11:00:00
131.04352,129.71501,2024-06-09 12:00:00
131.1624,129.59875,2024-06-09 13:00:00
130.61942,129.63275,2024-06-09 14:00:00
130.06357,129.5005,2024-06-09 15:00:00
129.54248,129.43575,2024-06-09 16:00:00
129.65518,129.741,2024-06-09 17:00:00
129.35098,129.3575,2024-06-09 18:00:00
128.82857,129.36575,2024-06-09 19:00:00
128.6501,129.39076,2024-06-09 20:00:00
128.64018,129.6645,2024-06-09 21:00:00
128.42043,129.58,2024-06-09 22:00:00
128.63383,129.6835,2024-06-09 23:00:00
128.79855,129.748,2024-06-10 00:00:00
129.12952,129.67926,2024-06-10 01:00:00
128.62344,129.66776,2024-06-10 02:00:00
128.9097,129.70876,2024-06-10 03:00:00
129.31013,129.47025,2024-06-10 04:00:00
129.97018,129.76375,2024-06-10 05:00:00
130.60782,131.032,2024-06-10 06:00:00
130.79288,133.7295,2024-06-10 07:00:00
130.8788,132.79225,2024-06-10 08:00:00
131.32687,133.09451,2024-06-10 09:00:00
131.66461,133.11201,2024-06-10 10:00:00
132.16064,133.446,2024-06-10 11:00:00
132.46318,132.783,2024-06-10 12:00:00
132.72185,134.82475,2024-06-10 13:00:00
132.82608,132.95924,2024-06-10 14:00:00
132.79187,133.31401,2024-06-10 15:00:00
132.27817,132.82826,2024-06-10 16:00:00
132.59195,133.11325,2024-06-10 17:00:00
132.75684,132.96426,2024-06-10 18:00:00
132.76324,133.00975,2024-06-10 19:00:00
133.1584,133.01274,2024-06-10 20:00:00
133.37491,133.20125,2024-06-10 21:00:00
133.23611,133.03351,2024-06-10 22:00:00
133.48888,132.91151,2024-06-10 23:00:00
133.28514,132.84425,2024-06-11 00:00:00
133.073,132.9445,2024-06-11 01:00:00
132.71344,132.92625,2024-06-11 02:00:00
132.80115,133.0225,2024-06-11 03:00:00
132.73932,133.15326,2024-06-11 04:00:00
132.7423,133.34851,2024-06-11 05:00:00
132.71883,133.445,2024-06-11 06:00:00
132.8779,133.68076,2024-06-11 07:00:00
132.94618,133.86551,2024-06-11 08:00:00
132.98918,133.96475,2024-06-11 09:00:00
132.84018,133.78624,2024-06-11 10:00:00
133.35,133.56,2024-06-11 11:00:00
133.32436,133.72777,2024-06-11 12:00:00
133.29976,133.787,2024-06-11 13:00:00
133.31287,133.55775,2024-06-11 14:00:00
132.84729,133.8835,2024-06-11 15:00:00
132.45245,134.02325,2024-06-11 16:00:00
132.23865,133.8635,2024-06-11 17:00:00
132.55956,133.96301,2024-06-11 18:00:00
132.45891,133.54124,2024-06-11 19:00:00
132.39037,133.80626,2024-06-11 20:00:00
132.22629,133.574,2024-06-11 21:00:00
132.3405,133.5415,2024-06-11 22:00:00
132.47069,133.35275,2024-06-11 23:00:00
132.42708,134.26675,2024-06-12 00:00:00
132.46855,133.335,2024-06-12 01:00:00
132.49115,133.3025,2024-06-12 02:00:00
132.60907,133.27376,2024-06-12 03:00:00
132.82875,133.81451,2024-06-12 04:00:00
133.25677,133.96901,2024-06-12 05:00:00
133.47676,136.2805,2024-06-12 06:00:00
133.94264,135.43301,2024-06-12 07:00:00
134.62096,135.52174,2024-06-12 08:00:00
134.68195,136.25075,2024-06-12 09:00:00
135.09215,135.80875,2024-06-12 10:00:00
135.33226,135.52051,2024-06-12 11:00:00
135.32185,135.641,2024-06-12 12:00:00
135.65956,135.45674,2024-06-12 13:00:00
135.57849,136.035,2024-06-12 14:00:00
135.53343,135.77376,2024-06-12 15:00:00
135.4693,135.84924,2024-06-12 16:00:00
135.74593,135.8095,2024-06-12 17:00:00
136.23973,135.783,2024-06-12 18:00:00
136.31741,135.58,2024-06-12 19:00:00
136.64189,135.714,2024-06-12 20:00:00
136.13905,135.5185,2024-06-12 21:00:00
135.57729,135.6255,2024-06-12 22:00:00
135.729,135.3055,2024-06-12 23:00:00
135.79758,134.95601,2024-06-13 00:00:00
135.78444,135.277,2024-06-13 01:00:00
135.54124,135.18875,2024-06-13 02:00:00
135.3193,135.34175,2024-06-13 03:00:00
135.39612,135.19775,2024-06-13 04:00:00
135.49939,135.181,2024-06-13 05:00:00
135.56651,134.27824,2024-06-13 06:00:00
135.44737,134.18301,2024-06-13 07:00:00
135.18143,134.47275,2024-06-13 08:00:00
134.82086,134.35075,2024-06-13 09:00:00
134.71718,133.77925,2024-06-13 10:00:00
134.9895,134.30376,2024-06-13 11:00:00
134.7022,134.481,2024-06-13 12:00:00
134.84027,134.26051,2024-06-13 13:00:00
134.47505,134.37851,2024-06-13 14:00:00
134.65898,134.04526,2024-06-13 15:00:00
134.34161,133.97424,2024-06-13 16:00:00
134.13795,134.4105,2024-06-13 17:00:00
134.11261,134.04599,2024-06-13 18:00:00
133.9212,134.18951,2024-06-13 19:00:00
133.73491,133.86801,2024-06-13 20:00:00
133.42531,134.01175,2024-06-13 21:00:00
133.28787,134.03127,2024-06-13 22:00:00
133.62985,134.0435,2024-06-13 23:00:00
133.39091,133.75026,2024-06-14 00:00:00
133.41513,134.2215,2024-06-14 01:00:00
133.31464,134.14252,2024-06-14 02:00:00
133.51244,133.88275,2024-06-14 03:00:00
133.63664,133.07875,2024-06-14 04:00:00
133.44719,133.7975,2024-06-14 05:00:00
133.5868,131.87825,2024-06-14 06:00:00
133.34645,131.687,2024-06-14 07:00:00
133.40663,132.1915,2024-06-14 08:00:00
133.12622,131.89825,2024-06-14 09:00:00
133.15901,132.12625,2024-06-14 10:00:00
133.5445,133.862,2024-06-14 11:00:00
133.73239,135.09425,2024-06-14 12:00:00
133.47424,134.824,2024-06-14 13:00:00
133.24304,134.67325,2024-06-14 14:00:00
133.11841,135.171,2024-06-14 15:00:00
133.27094,134.4835,2024-06-14 16:00:00
133.21411,134.998,2024-06-14 17:00:00
133.51184,134.75575,2024-06-14 18:00:00
133.33914,134.7895,2024-06-14 19:00:00
134.01727,134.9385,2024-06-14 20:00:00
133.1733,135.10176,2024-06-14 21:00:00
133.43196,135.479,2024-06-14 22:00:00
133.23282,135.01425,2024-06-14 23:00:00
133.42636,135.11624,2024-06-15 00:00:00
133.24585,134.95425,2024-06-15 01:00:00
133.52531,134.99525,2024-06-15 02:00:00
133.52829,134.877,2024-06-15 03:00:00
134.00314,134.912,2024-06-15 04:00:00
134.1774,134.8815,2024-06-15 05:00:00
134.74933,134.24251,2024-06-15 06:00:00
135.0604,134.41425,2024-06-15 07:00:00
135.73709,134.38826,2024-06-15 08:00:00
135.7363,135.44951,2024-06-15 09:00:00
136.02495,137.32675,2024-06-15 10:00:00
136.45909,137.56801,2024-06-15 11:00:00
137.12616,137.99751,2024-06-15 12:00:00
137.3237,138.101,2024-06-15 13:00:00
136.96695,137.99477,2024-06-15 14:00:00
136.60812,137.93376,2024-06-15 15:00:00
136.86746,138.1555,2024-06-15 16:00:00
137.27654,138.201,2024-06-15 17:00:00
137.59807,138.124,2024-06-15 18:00:00
137.53233,138.34074,2024-06-15 19:00:00
138.42297,138.0275,2024-06-15 20:00:00
138.21545,138.17451,2024-06-15 21:00:00
138.35934,138.18701,2024-06-15 22:00:00
138.13765,138.63124,2024-06-15 23:00:00
138.13521,137.99251,2024-06-16 00:00:00
137.82649,138.09175,2024-06-16 01:00:00
137.36731,137.82726,2024-06-16 02:00:00
137.50601,138.22325,2024-06-16 03:00:00
138.0484,138.05676,2024-06-16 04:00:00
138.04732,138.13576,2024-06-16 05:00:00
137.87894,139.682,2024-06-16 06:00:00
138.09705,140.34976,2024-06-16 07:00:00
138.51413,139.78076,2024-06-16 08:00:00
138.42657,139.51924,2024-06-16 09:00:00
138.62875,139.6885,2024-06-16 10:00:00
138.98209,139.3675,2024-06-16 11:00:00
139.29533,138.628,2024-06-16 12:00:00
139.73167,138.78976,2024-06-16 13:00:00
139.8339,138.5945,2024-06-16 14:00:00
139.19939,138.97075,2024-06-16 15:00:00
139.3778,138.94426,2024-06-16 16:00:00
139.71205,139.06175,2024-06-16 17:00:00
139.55289,138.7265,2024-06-16 18:00:00
139.96443,139.2535,2024-06-16 19:00:00
139.88191,138.98125,2024-06-16 20:00:00
139.66724,139.01875,2024-06-16 21:00:00
139.52179,139.27226,2024-06-16 22:00:00
139.62619,139.11925,2024-06-16 23:00:00
139.314,139.28151,2024-06-17 00:00:00
139.24538,139.108,2024-06-17 01:00:00
139.14046,139.32225,2024-06-17 02:00:00
139.17812,139.148,2024-06-17 03:00:00
139.47404,140.02426,2024-06-17 04:00:00
138.61716,139.18774,2024-06-17 05:00:00
138.45163,136.874,2024-06-17 06:00:00
138.30724,134.557,2024-06-17 07:00:00
138.225,134.609,2024-06-17 08:00:00
137.8977,134.894,2024-06-17 09:00:00
137.93121,134.60426,2024-06-17 10:00:00
137.6304,134.518,2024-06-17 11:00:00
137.55995,135.85976,2024-06-17 12:00:00
137.69453,137.70377,2024-06-17 13:00:00
137.28987,137.81975,2024-06-17 14:00:00
136.53622,137.6445,2024-06-17 15:00:00
136.31541,137.78726,2024-06-17 16:00:00
136.5111,137.78426,2024-06-17 17:00:00
136.12201,138.78325,2024-06-17 18:00:00
136.05424,137.56924,2024-06-17 19:00:00
135.78473,137.8205,2024-06-17 20:00:00
135.84633,137.792,2024-06-17 21:00:00
135.80098,137.965,2024-06-17 22:00:00
135.85619,137.779,2024-06-17 23:00:00
135.56635,137.814,2024-06-18 00:00:00
135.40042,137.57677,2024-06-18 01:00:00
135.12589,137.918,2024-06-18 02:00:00
134.63857,137.6895,2024-06-18 03:00:00
134.43968,137.62651,2024-06-18 04:00:00
134.18875,138.0005,2024-06-18 05:00:00
133.8265,133.8475,2024-06-18 06:00:00
133.52219,132.29926,2024-06-18 07:00:00
133.34367,132.12251,2024-06-18 08:00:00
133.16737,132.21,2024-06-18 09:00:00
133.0119,131.6075,2024-06-18 10:00:00
132.99802,132.7645,2024-06-18 11:00:00
133.08289,132.53624,2024-06-18 12:00:00
132.46295,133.19276,2024-06-18 13:00:00
132.02745,133.194,2024-06-18 14:00:00
132.2745,132.977,2024-06-18 15:00:00
131.10338,133.01651,2024-06-18 16:00:00
131.19933,132.96677,2024-06-18 17:00:00
131.00056,130.30101,2024-06-18 18:00:00
130.7658,129.9335,2024-06-18 19:00:00
130.85703,130.07526,2024-06-18 20:00:00
129.97452,130.979,2024-06-18 21:00:00
129.78986,130.6915,2024-06-18 22:00:00
129.82071,129.85675,2024-06-18 23:00:00
129.96431,130.2675,2024-06-19 00:00:00
129.79755,130.718,2024-06-19 01:00:00
129.08897,130.633,2024-06-19 02:00:00
129.42056,130.59676,2024-06-19 03:00:00
129.91745,130.57251,2024-06-19 04:00:00
130.07365,130.68425,2024-06-19 05:00:00
129.75179,130.309,2024-06-19 06:00:00
129.81458,130.21675,2024-06-19 07:00:00
130.55319,130.25626,2024-06-19 08:00:00
129.99512,130.568,2024-06-19 09:00:00
130.07893,130.8545,2024-06-19 10:00:00
130.27989,129.88725,2024-06-19 11:00:00
130.13513,128.89975,2024-06-19 12:00:00
130.06094,128.32576,2024-06-19 13:00:00
129.71362,129.54675,2024-06-19 14:00:00
129.7483,128.81725,2024-06-19 15:00:00
129.95583,129.02975,2024-06-19 16:00:00
129.13745,130.0575,2024-06-19 17:00:00
129.57248,130.16,2024-06-19 18:00:00
129.4768,129.77101,2024-06-19 19:00:00
129.79417,129.68076,2024-06-19 20:00:00
129.31,129.774,2024-06-19 21:00:00
129.31091,129.79175,2024-06-19 22:00:00
129.66011,129.742,2024-06-19 23:00:00
129.59846,129.876,2024-06-20 00:00:00
129.7234,129.8465,2024-06-20 01:00:00
129.25117,129.4125,2024-06-20 02:00:00
129.68149,129.8695,2024-06-20 03:00:00
129.93428,129.707,2024-06-20 04:00:00
130.22423,129.53,2024-06-20 05:00:00
130.29172,130.90575,2024-06-20 06:00:00
130.38693,131.61925,2024-06-20 07:00:00
130.73683,131.94725,2024-06-20 08:00:00
130.80638,131.72002,2024-06-20 09:00:00
130.92929,131.7585,2024-06-20 10:00:00
131.22202,131.3535,2024-06-20 11:00:00
131.5347,131.68675,2024-06-20 12:00:00
131.90503,131.86174,2024-06-20 13:00:00
132.08401,131.93675,2024-06-20 14:00:00
132.39922,132.28275,2024-06-20 15:00:00
132.14706,132.55951,2024-06-20 16:00:00
132.19601,132.45651,2024-06-20 17:00:00
131.93645,132.3865,2024-06-20 18:00:00
132.03116,129.6105,2024-06-20 19:00:00
131.8988,132.21501,2024-06-20 20:00:00
132.14435,132.16675,2024-06-20 21:00:00
132.225,132.58951,2024-06-20 22:00:00
132.34978,132.289,2024-06-20 23:00:00
132.33463,132.03575,2024-06-21 00:00:00
132.13783,132.4275,2024-06-21 01:00:00
131.89987,132.70425,2024-06-21 02:00:00
131.92317,132.37524,2024-06-21 03:00:00
131.65005,131.899,2024-06-21 04:00:00
131.36433,132.295,2024-06-21 05:00:00
131.26855,132.188,2024-06-21 06:00:00
131.12688,131.9165,2024-06-21 07:00:00
131.42973,132.179,2024-06-21 08:00:00
131.14577,131.68875,2024-06-21 09:00:00
131.19843,131.978,2024-06-21 10:00:00
131.47816,131.934,2024-06-21 11:00:00
131.676,132.01625,2024-06-21 12:00:00
131.50449,131.76775,2024-06-21 13:00:00
131.47226,132.38075,2024-06-21 14:00:00
131.76224,131.69975,2024-06-21 15:00:00
131.21532,131.95926,2024-06-21 16:00:00
130.89842,132.22975,2024-06-21 17:00:00
131.19382,131.07925,2024-06-21 18:00:00
130.92,132.2205,2024-06-21 19:00:00
131.14758,131.95474,2024-06-21 20:00:00
131.03654,131.86826,2024-06-21 21:00:00
131.16148,131.45226,2024-06-21 22:00:00
131.47368,131.5665,2024-06-21 23:00:00
131.42448,131.12375,2024-06-22 00:00:00
131.59311,131.77725,2024-06-22 01:00:00
131.33138,130.98575,2024-06-22 02:00:00
131.62862,131.01399,2024-06-22 03:00:00
131.44229,131.573,2024-06-22 04:00:00
131.42671,132.102,2024-06-22 05:00:00
131.45311,126.43425,2024-06-22 06:00:00
131.46982,131.35675,2024-06-22 07:00:00
131.74565,131.05325,2024-06-22 08:00:00
131.58742,131.09825,2024-06-22 09:00:00
131.70067,132.07199,2024-06-22 10:00:00
131.91869,133.64876,2024-06-22 11:00:00
132.12256,132.6925,2024-06-22 12:00:00
131.92879,130.60225,2024-06-22 13:00:00
131.64674,129.64525,2024-06-22 14:00:00
131.51228,132.12276,2024-06-22 15:00:00
131.26146,132.24174,2024-06-22 16:00:00
131.36726,131.54924,2024-06-22 17:00:00
131.7668,131.46451,2024-06-22 18:00:00
131.81654,131.4295,2024-06-22 19:00:00
132.07994,131.58575,2024-06-22 20:00:00
131.78644,131.5735,2024-06-22 21:00:00
131.86255,132.035,2024-06-22 22:00:00
131.90906,131.32376,2024-06-22 23:00:00
131.93163,131.89076,2024-06-23 00:00:00
131.94733,131.73526,2024-06-23 01:00:00
131.77716,131.94601,2024-06-23 02:00:00
131.90674,131.92274,2024-06-23 03:00:00
131.827,132.40575,2024-06-23 04:00:00
131.77452,131.813,2024-06-23 05:00:00
131.69917,131.83476,2024-06-23 06:00:00
131.39368,130.71901,2024-06-23 07:00:00
131.71947,130.8025,2024-06-23 08:00:00
131.46356,131.2285,2024-06-23 09:00:00
131.39278,131.64474,2024-06-23 10:00:00
131.44019,132.54425,2024-06-23 11:00:00
131.71341,132.559,2024-06-23 12:00:00
131.71976,132.88075,2024-06-23 13:00:00
131.66666,132.39175,2024-06-23 14:00:00
131.30563,132.60625,2024-06-23 15:00:00
131.45056,132.48476,2024-06-23 16:00:00
131.68242,132.67601,2024-06-23 17:00:00
131.83163,132.216,2024-06-23 18:00:00
132.25696,132.92351,2024-06-23 19:00:00
132.14503,132.461,2024-06-23 20:00:00
131.85591,132.6615,2024-06-23 21:00:00
131.74962,132.18675,2024-06-23 22:00:00
132.47047,132.51001,2024-06-23 23:00:00
132.44524,132.3895,2024-06-24 00:00:00
132.69167,132.70525,2024-06-24 01:00:00
132.8576,132.30476,2024-06-24 02:00:00
133.11844,132.72626,2024-06-24 03:00:00
133.5286,132.20149,2024-06-24 04:00:00
133.9405,132.31,2024-06-24 05:00:00
134.36844,133.1575,2024-06-24 06:00:00
135.02522,134.16475,2024-06-24 07:00:00
135.18224,134.05376,2024-06-24 08:00:00
135.45317,133.884,2024-06-24 09:00:00
135.43541,133.554,2024-06-24 10:00:00
136.04459,134.02876,2024-06-24 11:00:00
136.8563,133.66525,2024-06-24 12:00:00
137.12816,133.32275,2024-06-24 13:00:00
137.1868,133.00024,2024-06-24 14:00:00
137.20335,136.94551,2024-06-24 15:00:00
137.36722,137.95201,2024-06-24 16:00:00
137.46664,137.47325,2024-06-24 17:00:00
137.58482,139.9115,2024-06-24 18:00:00
137.73961,140.56001,2024-06-24 19:00:00
138.08423,140.21776,2024-06-24 20:00:00
137.85333,139.45375,2024-06-24 21:00:00
137.65523,138.59,2024-06-24 22:00:00
137.80388,139.14075,2024-06-24 23:00:00
137.61964,140.223,2024-06-25 00:00:00
137.55183,139.392,2024-06-25 01:00:00
137.15114,139.49525,2024-06-25 02:00:00
137.07344,140.39775,2024-06-25 03:00:00
137.0342,139.03726,2024-06-25 04:00:00
136.9381,138.76425,2024-06-25 05:00:00
137.1288,135.8035,2024-06-25 06:00:00
137.24402,134.02176,2024-06-25 07:00:00
137.36272,134.3395,2024-06-25 08:00:00
137.19409,134.0895,2024-06-25 09:00:00
136.97516,133.97775,2024-06-25 10:00:00
137.55824,134.17775,2024-06-25 11:00:00
137.13612,134.0425,2024-06-25 12:00:00
137.14703,136.45702,2024-06-25 13:00:00
137.04495,137.95801,2024-06-25 14:00:00
137.00357,137.99025,2024-06-25 15:00:00
137.13725,138.25375,2024-06-25 16:00:00
137.04771,138.19824,2024-06-25 17:00:00
136.94585,138.3275,2024-06-25 18:00:00
136.98802,138.17426,2024-06-25 19:00:00
137.05193,138.292,2024-06-25 20:00:00
137.04677,137.91402,2024-06-25 21:00:00
136.616,138.33725,2024-06-25 22:00:00
136.94876,138.51625,2024-06-25 23:00:00
136.81898,138.2805,2024-06-26 00:00:00
136.66278,138.21826,2024-06-26 01:00:00
136.24333,138.05775,2024-06-26 02:00:00
135.93669,137.47226,2024-06-26 03:00:00
135.66313,138.2485,2024-06-26 04:00:00
135.3922,137.798,2024-06-26 05:00:00
135.43654,135.21701,2024-06-26 06:00:00
135.05455,133.81776,2024-06-26 07:00:00
135.11868,133.89626,2024-06-26 08:00:00
134.82469,133.752,2024-06-26 09:00:00
134.67487,133.754,2024-06-26 10:00:00
134.59993,133.721,2024-06-26 11:00:00
134.50453,133.76651,2024-06-26 12:00:00
134.54233,133.79475,2024-06-26 13:00:00
134.44136,133.30775,2024-06-26 14:00:00
134.33807,133.889,2024-06-26 15:00:00
133.4645,132.65176,2024-06-26 16:00:00
133.45135,129.86775,2024-06-26 17:00:00
133.6652,134.28674,2024-06-26 18:00:00
133.71793,133.9625,2024-06-26 19:00:00
133.48558,134.266,2024-06-26 20:00:00
133.31653,134.39001,2024-06-26 21:00:00
133.27046,134.08575,2024-06-26 22:00:00
133.71332,134.16374,2024-06-26 23:00:00
133.47388,134.23601,2024-06-27 00:00:00
133.18114,133.8225,2024-06-27 01:00:00
132.89502,134.40875,2024-06-27 02:00:00
132.93245,134.11551,2024-06-27 03:00:00
132.83266,134.22676,2024-06-27 04:00:00
132.82286,134.37177,2024-06-27 05:00:00
133.31346,134.30951,2024-06-27 06:00:00
133.54063,133.43376,2024-06-27 07:00:00
134.00015,134.886,2024-06-27 08:00:00
133.9856,133.96126,2024-06-27 09:00:00
134.13263,133.655,2024-06-27 10:00:00
134.36462,133.49925,2024-06-27 11:00:00
134.17444,133.125,2024-06-27 12:00:00
134.32811,133.4295,2024-06-27 13:00:00
134.1249,133.4085,2024-06-27 14:00:00
134.47408,133.429,2024-06-27 15:00:00
133.86673,133.28375,2024-06-27 16:00:00
133.39122,133.13751,2024-06-27 17:00:00
133.85861,133.78151,2024-06-27 18:00:00
134.34587,134.5585,2024-06-27 19:00:00
134.06892,134.03226,2024-06-27 20:00:00
134.19177,133.70076,2024-06-27 21:00:00
133.42497,133.48924,2024-06-27 22:00:00
133.8413,132.96475,2024-06-27 23:00:00
133.55608,133.1835,2024-06-28 00:00:00
133.42155,133.425,2024-06-28 01:00:00
132.94115,133.31926,2024-06-28 02:00:00
133.08311,133.44075,2024-06-28 03:00:00
132.93791,133.03375,2024-06-28 04:00:00
132.30995,132.992,2024-06-28 05:00:00
132.15186,126.96001,2024-06-28 06:00:00
132.03145,123.4505,2024-06-28 07:00:00
131.83336,122.83375,2024-06-28 08:00:00
131.44322,123.1675,2024-06-28 09:00:00
131.05441,123.82101,2024-06-28 10:00:00
130.9029,123.256,2024-06-28 11:00:00
130.72849,122.9245,2024-06-28 12:00:00
130.57458,124.528244,2024-06-28 13:00:00
130.29329,125.63625,2024-06-28 14:00:00
129.76543,125.69175,2024-06-28 15:00:00
129.40114,126.13075,2024-06-28 16:00:00
129.41061,127.403496,2024-06-28 17:00:00
129.2738,128.41025,2024-06-28 18:00:00
129.2196,129.41626,2024-06-28 19:00:00
128.99326,131.70999,2024-06-28 20:00:00
128.41531,133.46425,2024-06-28 21:00:00
128.25809,133.96275,2024-06-28 22:00:00
128.63326,133.66725,2024-06-28 23:00:00
128.70386,133.88701,2024-06-29 00:00:00
128.7607,134.67776,2024-06-29 01:00:00
128.48972,133.89276,2024-06-29 02:00:00
128.6025,134.194,2024-06-29 03:00:00
129.10468,134.23975,2024-06-29 04:00:00
129.34866,134.81451,2024-06-29 05:00:00
129.83786,128.85976,2024-06-29 06:00:00
130.05954,125.02826,2024-06-29 07:00:00
130.40543,125.89976,2024-06-29 08:00:00
130.45114,126.19976,2024-06-29 09:00:00
130.47162,127.01125,2024-06-29 10:00:00
130.77553,126.54626,2024-06-29 11:00:00
131.37271,126.14925,2024-06-29 12:00:00
131.37051,130.3765,2024-06-29 13:00:00
131.09958,132.95776,2024-06-29 14:00:00
130.51624,133.67252,2024-06-29 15:00:00
130.56993,133.22826,2024-06-29 16:00:00
130.94278,131.047,2024-06-29 17:00:00
131.34425,133.06876,2024-06-29 18:00:00
131.42276,134.18199,2024-06-29 19:00:00
132.26074,134.3335,2024-06-29 20:00:00
132.17644,134.18651,2024-06-29 21:00:00
131.65227,134.6885,2024-06-29 22:00:00
131.71246,134.36125,2024-06-29 23:00:00
131.58524,135.07126,2024-06-30 00:00:00
131.5817,134.54475,2024-06-30 01:00:00
131.41768,134.45074,2024-06-30 02:00:00
131.144,134.3535,2024-06-30 03:00:00
131.19833,134.3845,2024-06-30 04:00:00
131.0083,134.73376,2024-06-30 05:00:00
131.11458,131.15324,2024-06-30 06:00:00
