Target Variable,Epochs,Prediction Length,Learning Rate,Batch Size,MSE,MAE,RMSE,nRMSE,R2,MAPE,SMAPE,Std.Dev,Mean
Volumrate_Easington_hourly,500,24,0.01,16,52.22545,4.489871,7.226717692590353,0.15991236,0.8673661,18.762276,17.820253,19.843294,45.19174
Volumrate_St_Fergus_hourly,500,24,0.01,16,7.28926,1.377011,2.699862942925714,0.7199538,0.7220881,120.15693,42.294838,5.1213937,3.7500505
Volumrate_Belgia_hourly,500,24,0.01,16,0.6267727,0.55980426,0.791689776200416,0.018318713,-0.27419186,1.3155823,1.2988884,0.70135456,43.217545
Volumrate_Frankrike_hourly,500,24,0.01,16,13.798505,1.7740166,3.7146338755531128,0.07808392,0.770369,343.80865,7.108631,7.751767,47.57233
Volumrate_Tyskland_hourly,500,24,0.01,16,33.317764,2.7398067,5.772154215041951,0.04405762,0.60670006,2.4858656,2.3282204,9.203987,131.01376
Volumrate_Easington_hourly,500,24,0.01,32,36.994495,4.0184813,6.082310037464853,0.13458899,0.9060472,17.183462,16.98582,19.843294,45.19174
Volumrate_St_Fergus_hourly,500,24,0.01,32,7.7973404,1.6753628,2.7923718221373037,0.7446224,0.70271695,114.63104,69.86317,5.1213937,3.7500505
Volumrate_Belgia_hourly,500,24,0.01,32,0.41682673,0.33808145,0.6456211931203184,0.014938868,0.1526159,0.7967638,0.79294556,0.70135456,43.217545
Volumrate_Frankrike_hourly,500,24,0.01,32,15.95259,1.5275499,3.9940693520153725,0.08395782,0.73452127,303.65262,6.7985997,7.751767,47.57233
Volumrate_Tyskland_hourly,500,24,0.01,32,32.43461,2.5076752,5.695139020205974,0.043469775,0.6171253,2.3009748,2.1530926,9.203987,131.01376
Volumrate_Easington_hourly,500,24,0.001,16,40.9415,4.203965,6.398554650656009,0.14158683,0.8960233,17.67066,17.770102,19.843294,45.19174
Volumrate_St_Fergus_hourly,500,24,0.001,16,7.899906,1.6161399,2.810677170798394,0.74950385,0.6988065,115.58586,65.06256,5.1213937,3.7500505
Volumrate_Belgia_hourly,500,24,0.001,16,0.5193224,0.4489444,0.72064026762644,0.016674714,-0.05575168,1.0513678,1.051802,0.70135456,43.217545
Volumrate_Frankrike_hourly,500,24,0.001,16,15.305164,1.7662086,3.912181531723471,0.08223649,0.7452955,289.99823,7.308036,7.751767,47.57233
Volumrate_Tyskland_hourly,500,24,0.001,16,32.661076,2.618314,5.714986928422586,0.04362127,0.61445194,2.358371,2.2383413,9.203987,131.01376
Volumrate_Easington_hourly,500,24,0.001,32,41.89467,4.5375285,6.472609101367204,0.14322549,0.89360255,18.944836,18.534746,19.843294,45.19174
Volumrate_St_Fergus_hourly,500,24,0.001,32,7.85107,1.601149,2.8019760754181284,0.7471835,0.70066845,109.74817,61.3103,5.1213937,3.7500505
Volumrate_Belgia_hourly,500,24,0.001,32,0.48360628,0.39281252,0.6954180605192332,0.016091105,0.016857028,0.92633384,0.919578,0.70135456,43.217545
Volumrate_Frankrike_hourly,500,24,0.001,32,14.744393,1.5752069,3.839842880730128,0.08071589,0.75462776,260.86472,6.8942003,7.751767,47.57233
Volumrate_Tyskland_hourly,500,24,0.001,32,32.132076,2.4907916,5.6685162312044,0.04326657,0.6206965,2.2588658,2.1399071,9.203987,131.01376
Volumrate_Easington_hourly,500,24,0.0001,16,48.172413,4.617053,6.940634904121845,0.15358193,0.8776593,20.198862,17.88354,19.843294,45.19174
Volumrate_St_Fergus_hourly,500,24,0.0001,16,7.8284426,1.5995663,2.797935412683317,0.7461061,0.7015311,121.215996,60.975204,5.1213937,3.7500505
Volumrate_Belgia_hourly,500,24,0.0001,16,1.0818573,0.69419277,1.0401237059343207,0.024067163,-1.199352,1.625135,1.6108764,0.70135456,43.217545
Volumrate_Frankrike_hourly,500,24,0.0001,16,13.229087,1.7103094,3.637181171720145,0.07645582,0.77984506,285.77948,7.12984,7.751767,47.57233
Volumrate_Tyskland_hourly,500,24,0.0001,16,33.09072,2.9374237,5.7524534878928915,0.043907244,0.6093801,2.640354,2.4722917,9.203987,131.01376
Volumrate_Easington_hourly,500,24,0.0001,32,74.3396,6.0714245,8.622041498936026,0.190788,0.8112041,27.340883,18.991003,19.843294,45.19174
Volumrate_St_Fergus_hourly,500,24,0.0001,32,11.625812,2.25085,3.4096644375720113,0.9092316,0.55675185,228.2841,60.579426,5.1213937,3.7500505
Volumrate_Belgia_hourly,500,24,0.0001,32,3.972575,1.4364601,1.9931319447704727,0.046118584,-7.0760098,3.351653,3.324743,0.70135456,43.217545
Volumrate_Frankrike_hourly,500,24,0.0001,32,29.740072,3.748023,5.453445906064001,0.11463483,0.50507367,578.88654,11.205264,7.751767,47.57233
Volumrate_Tyskland_hourly,500,24,0.0001,32,82.16804,6.675549,9.064658703699262,0.0691886,0.030046403,5.6596656,5.2390857,9.203987,131.01376
Volumrate_Easington_hourly,500,48,0.01,16,91.30771,6.116945,9.55550672336294,0.21117546,0.7695165,27.433601,20.761332,19.903702,45.249134
Volumrate_St_Fergus_hourly,500,48,0.01,16,11.551264,1.7821436,3.3987150232410044,0.93990177,0.51398826,143.90048,59.242577,4.875188,3.6160321
Volumrate_Belgia_hourly,500,48,0.01,16,0.84815836,0.53383976,0.9209551343727814,0.021307923,-0.71210885,1.2493894,1.2568405,0.7038381,43.221252
Volumrate_Frankrike_hourly,500,48,0.01,16,32.020336,3.1691196,5.658651442801814,0.11897835,0.46747732,673.04895,9.931387,7.754323,47.560345
Volumrate_Tyskland_hourly,500,48,0.01,16,65.81408,3.4070435,8.112587705822845,0.06191605,0.2244485,3.1820767,2.8937542,9.212004,131.0256
Volumrate_Easington_hourly,500,48,0.01,32,87.976036,6.0579605,9.37955415101258,0.20728692,0.77792656,25.804796,21.428062,19.903702,45.249134
Volumrate_St_Fergus_hourly,500,48,0.01,32,12.556486,2.0088246,3.5435132467313766,0.9799452,0.47169423,147.52176,78.13939,4.875188,3.6160321
Volumrate_Belgia_hourly,500,48,0.01,32,2.9900863,1.4615147,1.729186605621955,0.04000779,-5.035846,3.4049108,3.3285267,0.7038381,43.221252
Volumrate_Frankrike_hourly,500,48,0.01,32,30.388792,2.542255,5.51260301835384,0.11590754,0.49461114,672.7803,8.61374,7.754323,47.560345
Volumrate_Tyskland_hourly,500,48,0.01,32,63.497234,3.8806624,7.968515190704126,0.060816474,0.25175017,3.5791702,3.2239437,9.212004,131.0256
Volumrate_Easington_hourly,500,48,0.001,16,96.529655,6.325721,9.82495065924216,0.21713012,0.7563351,25.928265,22.68976,19.903702,45.249134
Volumrate_St_Fergus_hourly,500,48,0.001,16,13.682717,2.2604516,3.6990157235815073,1.0229487,0.42430878,162.19421,100.24244,4.875188,3.6160321
Volumrate_Belgia_hourly,500,48,0.001,16,0.6098001,0.50452477,0.7808969844521991,0.01806743,-0.23095429,1.1863196,1.1752024,0.7038381,43.221252
Volumrate_Frankrike_hourly,500,48,0.001,16,29.210505,2.1983116,5.404674322460175,0.11363825,0.514207,667.4875,7.853655,7.754323,47.560345
Volumrate_Tyskland_hourly,500,48,0.001,16,62.185757,3.3470974,7.885794613312574,0.06018514,0.26720464,3.139719,2.8344297,9.212004,131.0256
Volumrate_Easington_hourly,500,48,0.001,32,93.6826,6.30446,9.678977318328158,0.21390414,0.76352173,27.46867,21.45162,19.903702,45.249134
Volumrate_St_Fergus_hourly,500,48,0.001,32,12.277768,1.9703896,3.5039646309674417,0.96900815,0.4834211,147.42155,74.595764,4.875188,3.6160321
Volumrate_Belgia_hourly,500,48,0.001,32,0.93289167,0.61820847,0.9658631719292287,0.02234695,-0.8831532,1.4493104,1.4413841,0.7038381,43.221252
Volumrate_Frankrike_hourly,500,48,0.001,32,30.930592,2.6373596,5.561527810166192,0.11693624,0.4856006,674.87396,8.806228,7.754323,47.560345
Volumrate_Tyskland_hourly,500,48,0.001,32,62.149174,3.661865,7.883474724800751,0.060167436,0.2676357,3.404786,3.0560164,9.212004,131.0256
Volumrate_Easington_hourly,500,48,0.0001,16,91.90539,6.290187,9.586729780191886,0.21186548,0.7680079,27.206676,21.374012,19.903702,45.249134
Volumrate_St_Fergus_hourly,500,48,0.0001,16,12.015093,1.8569529,3.4662793957976676,0.95858645,0.49447292,145.97513,62.87619,4.875188,3.6160321
Volumrate_Belgia_hourly,500,48,0.0001,16,1.0484242,0.70777166,1.0239258976737535,0.023690334,-1.1163695,1.6575435,1.6424453,0.7038381,43.221252
Volumrate_Frankrike_hourly,500,48,0.0001,16,31.021805,2.466991,5.5697221483275365,0.11710853,0.4840837,680.24335,8.435271,7.754323,47.560345
Volumrate_Tyskland_hourly,500,48,0.0001,16,63.320457,3.9590476,7.957415249846906,0.060731757,0.2538333,3.6293724,3.27232,9.212004,131.0256
Volumrate_Easington_hourly,500,48,0.0001,32,91.86968,6.2797513,9.584867360167888,0.21182433,0.768098,27.614868,21.573399,19.903702,45.249134
Volumrate_St_Fergus_hourly,500,48,0.0001,32,11.76904,1.7556225,3.4306034611605947,0.9487204,0.5048255,155.82379,53.20716,4.875188,3.6160321
Volumrate_Belgia_hourly,500,48,0.0001,32,1.8272467,0.9298265,1.3517568812307152,0.031275284,-2.6885157,2.1761553,2.1424403,0.7038381,43.221252
Volumrate_Frankrike_hourly,500,48,0.0001,32,30.705997,2.9434342,5.541299258029746,0.11651091,0.48933578,648.27435,9.453732,7.754323,47.560345
Volumrate_Tyskland_hourly,500,48,0.0001,32,58.84041,3.6754086,7.670750180079867,0.058543902,0.30662608,3.3838243,3.0679104,9.212004,131.0256
Volumrate_Easington_hourly,500,72,0.01,16,141.24353,8.130653,11.884592137445757,0.26233423,0.64535445,31.793394,26.277565,19.956621,45.303246
Volumrate_St_Fergus_hourly,500,72,0.01,16,16.871843,2.0563278,4.107534946657508,1.1805491,0.20400935,168.06703,61.489754,4.603915,3.4793425
Volumrate_Belgia_hourly,500,72,0.01,16,1.0756954,0.74032795,1.0371573629250603,0.02399317,-1.1632175,1.7348382,1.7154064,0.70517117,43.227196
Volumrate_Frankrike_hourly,500,72,0.01,16,47.463295,2.5029309,6.889360999607304,0.14489612,0.21065223,928.3722,8.323397,7.7543383,47.546898
Volumrate_Tyskland_hourly,500,72,0.01,16,72.84912,3.992122,8.535169658170247,0.06513392,0.14214808,3.716866,3.3228498,9.215226,131.04031
Volumrate_Easington_hourly,500,72,0.01,32,138.77441,7.8894153,11.780255263045024,0.26003116,0.6515541,33.16492,24.816843,19.956621,45.303246
Volumrate_St_Fergus_hourly,500,72,0.01,32,16.353355,1.9792559,4.043928214955706,1.1622679,0.22847092,159.75705,56.440823,4.603915,3.4793425
Volumrate_Belgia_hourly,500,72,0.01,32,0.9504363,0.6943283,0.9749032229297567,0.022553006,-0.91132236,1.6286215,1.6092635,0.70517117,43.227196
Volumrate_Frankrike_hourly,500,72,0.01,32,46.445965,3.0022304,6.815127644676394,0.14333485,0.22757119,938.711,9.329082,7.7543383,47.546898
Volumrate_Tyskland_hourly,500,72,0.01,32,72.443596,4.101779,8.51138037489986,0.06495238,0.14692336,3.8088262,3.3951492,9.215226,131.04031
Volumrate_Easington_hourly,500,72,0.001,16,136.82867,7.8222437,11.69737895070542,0.25820178,0.6564396,32.87031,24.652111,19.956621,45.303246
Volumrate_St_Fergus_hourly,500,72,0.001,16,16.111847,1.9735729,4.013956517431165,1.1536537,0.239865,177.80553,53.74349,4.603915,3.4793425
Volumrate_Belgia_hourly,500,72,0.001,16,0.9479284,0.6534358,0.9736161608405555,0.022523232,-0.90627897,1.532995,1.519338,0.70517117,43.227196
Volumrate_Frankrike_hourly,500,72,0.001,16,43.742294,3.317314,6.613795756713647,0.13910046,0.2725351,822.24963,10.06067,7.7543383,47.546898
Volumrate_Tyskland_hourly,500,72,0.001,16,74.2888,4.0856314,8.619095259978621,0.06577437,0.12519473,3.763716,3.4024682,9.215226,131.04031
Volumrate_Easington_hourly,500,72,0.001,32,149.73384,8.206676,12.236577991513101,0.27010378,0.6240363,36.96288,25.52551,19.956621,45.303246
Volumrate_St_Fergus_hourly,500,72,0.001,32,16.460903,2.0127385,4.0572038607549175,1.1660835,0.22339696,165.96048,58.67333,4.603915,3.4793425
Volumrate_Belgia_hourly,500,72,0.001,32,0.80558956,0.53145194,0.8975464092146048,0.020763466,-0.62003636,1.2510852,1.2402415,0.70517117,43.227196
Volumrate_Frankrike_hourly,500,72,0.001,32,45.115692,3.6264908,6.716821580083237,0.1412673,0.24969453,841.2532,10.6783905,7.7543383,47.546898
Volumrate_Tyskland_hourly,500,72,0.001,32,72.225105,4.006063,8.498535478871906,0.06485435,0.14949626,3.6996946,3.335287,9.215226,131.04031
Volumrate_Easington_hourly,500,72,0.0001,16,148.71849,8.350659,12.195019089799981,0.26918644,0.6265857,35.993023,24.574215,19.956621,45.303246
Volumrate_St_Fergus_hourly,500,72,0.0001,16,16.854618,2.09114,4.105437622533043,1.1799464,0.20482206,186.60815,60.29097,4.603915,3.4793425
Volumrate_Belgia_hourly,500,72,0.0001,16,1.1724234,0.71469885,1.082785003004721,0.0250487,-1.3577371,1.6753107,1.6565511,0.70517117,43.227196
Volumrate_Frankrike_hourly,500,72,0.0001,16,48.490753,3.9152448,6.963530223516527,0.14645603,0.19356489,854.25006,11.386503,7.7543383,47.546898
Volumrate_Tyskland_hourly,500,72,0.0001,16,70.70408,4.2757397,8.408571738072787,0.06416783,0.16740745,3.932257,3.5158854,9.215226,131.04031
Volumrate_Easington_hourly,500,72,0.0001,32,158.42285,8.703205,12.586613983216456,0.27783027,0.6022192,41.080223,25.334131,19.956621,45.303246
Volumrate_St_Fergus_hourly,500,72,0.0001,32,16.462769,2.1407003,4.05743374002429,1.1661495,0.22330904,173.93835,61.076225,4.603915,3.4793425
Volumrate_Belgia_hourly,500,72,0.0001,32,5.0066204,1.59494,2.2375478558244275,0.051762503,-9.068287,3.7218158,3.6161225,0.70517117,43.227196
Volumrate_Frankrike_hourly,500,72,0.0001,32,53.310154,4.538237,7.301380277809233,0.15356165,0.11341488,969.2752,12.5167055,7.7543383,47.546898
Volumrate_Tyskland_hourly,500,72,0.0001,32,114.71128,7.15333,10.71033523391093,0.08173313,-0.3508097,6.192864,5.5542426,9.215226,131.04031
Volumrate_Easington_hourly,500,24,0.01,32,57.526947,4.7880874,7.584652069903034,0.16914448,0.8524614,20.585423,19.250813,19.74617,44.841263
Volumrate_St_Fergus_hourly,500,24,0.01,32,6.2455163,1.4829446,2.4991030991540577,0.6658244,0.7650746,105.68808,60.65458,5.156075,3.7533965
Volumrate_Belgia_hourly,500,24,0.01,32,0.6176958,0.5362145,0.7859362623079842,0.018189713,-0.25651765,1.2588328,1.2478485,0.70113724,43.20773
Volumrate_Frankrike_hourly,500,24,0.01,32,17.150803,1.8781115,4.14135275149373,0.08711446,0.71803534,321.76126,7.54261,7.7991066,47.53921
Volumrate_Tyskland_hourly,500,24,0.01,32,33.99121,2.5066364,5.830198190241906,0.044514958,0.6032206,2.2942052,2.1569479,9.25569,130.97166
Volumrate_Easington_hourly,500,24,0.01,16,60.378452,4.911221,7.7703572827139284,0.17194198,0.8466604,21.316692,18.908852,19.843294,45.19174
Volumrate_St_Fergus_hourly,500,24,0.01,16,8.282365,1.8238568,2.8779098049236844,0.7674323,0.6842248,113.56771,88.17773,5.1213937,3.7500505
Volumrate_Belgia_hourly,500,24,0.01,16,0.6556436,0.56017715,0.8097182116909901,0.018735867,-0.3328848,1.3153317,1.2992772,0.70135456,43.217545
Volumrate_Frankrike_hourly,500,24,0.01,16,16.483511,1.8357493,4.0599890358311725,0.085343495,0.72568583,305.31598,7.4889965,7.751767,47.57233
Volumrate_Tyskland_hourly,500,24,0.01,16,33.35535,2.4817195,5.775409119221319,0.044082463,0.60625637,2.2690032,2.1332939,9.203987,131.01376
Volumrate_Easington_hourly,500,24,0.01,32,60.940136,5.1200013,7.806416332467194,0.17273991,0.84523386,21.140947,19.315308,19.843294,45.19174
Volumrate_St_Fergus_hourly,500,24,0.01,32,8.67213,1.8638732,2.944847980973293,0.78528225,0.6693646,122.44996,88.636635,5.1213937,3.7500505
Volumrate_Belgia_hourly,500,24,0.01,32,0.7374531,0.571883,0.8587508969808945,0.019870423,-0.49919856,1.340622,1.3323765,0.70135456,43.217545
Volumrate_Frankrike_hourly,500,24,0.01,32,17.662611,2.125849,4.202690924597053,0.08834318,0.70606357,290.14813,8.150713,7.751767,47.57233
Volumrate_Tyskland_hourly,500,24,0.01,32,38.630997,3.4472954,6.215383874235087,0.047440697,0.5439799,2.9818065,2.8859487,9.203987,131.01376
Volumrate_Easington_hourly,500,24,0.001,16,41.341618,4.300389,6.429744752649868,0.142277,0.8950071,17.012224,17.216425,19.843294,45.19174
Volumrate_St_Fergus_hourly,500,24,0.001,16,8.364625,1.7637154,2.8921661392651385,0.7712339,0.68108857,123.06021,80.97451,5.1213937,3.7500505
Volumrate_Belgia_hourly,500,24,0.001,16,0.7555876,0.5887548,0.8692454071318549,0.020113254,-0.53606486,1.375435,1.379524,0.70135456,43.217545
Volumrate_Frankrike_hourly,500,24,0.001,16,15.639495,2.2031233,3.9546801256150994,0.08312984,0.7397317,295.0574,7.952948,7.751767,47.57233
Volumrate_Tyskland_hourly,500,24,0.001,16,33.17475,2.920634,5.7597527101203125,0.04396296,0.60838825,2.596942,2.4745667,9.203987,131.01376
Volumrate_Easington_hourly,500,24,0.001,32,43.19129,4.542831,6.572008202146589,0.14542499,0.8903096,18.769476,18.102797,19.843294,45.19174
Volumrate_St_Fergus_hourly,500,24,0.001,32,8.511207,1.8395506,2.917397235018243,0.7779621,0.6754999,110.28527,88.233696,5.1213937,3.7500505
Volumrate_Belgia_hourly,500,24,0.001,32,0.5781902,0.48701838,0.7603881952538349,0.017594432,-0.1754266,1.1441145,1.1350507,0.70135456,43.217545
Volumrate_Frankrike_hourly,500,24,0.001,32,15.982747,2.0203934,3.9978428030554047,0.08403715,0.7340194,285.47253,7.835388,7.751767,47.57233
Volumrate_Tyskland_hourly,500,24,0.001,32,33.32126,2.7610414,5.772456889827924,0.04405993,0.6066588,2.4754665,2.3496797,9.203987,131.01376
Volumrate_Easington_hourly,500,24,0.0001,16,43.29412,4.707456,6.579826805363058,0.14559801,0.89004844,19.752405,18.012732,19.843294,45.19174
Volumrate_St_Fergus_hourly,500,24,0.0001,16,7.6016693,1.5146065,2.7571124952608366,0.7352201,0.7101771,114.71401,53.92048,5.1213937,3.7500505
Volumrate_Belgia_hourly,500,24,0.0001,16,0.55186766,0.4595066,0.7428779602736381,0.017189268,-0.12191439,1.0808799,1.0722878,0.70135456,43.217545
Volumrate_Frankrike_hourly,500,24,0.0001,16,15.79781,1.7388415,3.9746458459628924,0.08354953,0.7370971,306.49963,7.2373114,7.751767,47.57233
Volumrate_Tyskland_hourly,500,24,0.0001,16,33.593002,2.7388988,5.795947059742345,0.044239223,0.603451,2.4795017,2.3293872,9.203987,131.01376
Volumrate_Easington_hourly,500,24,0.0001,32,46.51257,4.7513623,6.82001242135894,0.15091282,0.88187474,20.778866,17.845518,19.843294,45.19174
Volumrate_St_Fergus_hourly,500,24,0.0001,32,8.010716,1.5879238,2.8303209072989333,0.754742,0.69458175,123.23206,58.435432,5.1213937,3.7500505
Volumrate_Belgia_hourly,500,24,0.0001,32,1.1380972,0.76658005,1.0668163698664712,0.024684798,-1.3136842,1.7965221,1.771511,0.70135456,43.217545
Volumrate_Frankrike_hourly,500,24,0.0001,32,15.362989,1.7405719,3.919564953621662,0.082391694,0.74433327,301.3386,7.199633,7.751767,47.57233
Volumrate_Tyskland_hourly,500,24,0.0001,32,35.259804,3.1659276,5.937996612660928,0.045323454,0.5837752,2.846137,2.648749,9.203987,131.01376
Volumrate_Easington_hourly,500,48,0.01,16,98.25614,6.61915,9.912423601854274,0.21906327,0.75197697,28.239405,23.562756,19.903702,45.249134
Volumrate_St_Fergus_hourly,500,48,0.01,16,11.759876,1.8047312,3.4292675969105564,0.94835097,0.505211,162.24928,56.927364,4.875188,3.6160321
Volumrate_Belgia_hourly,500,48,0.01,16,1.403191,0.89027256,1.1845636202504437,0.027406972,-1.8325086,2.0789576,2.0512574,0.7038381,43.221252
Volumrate_Frankrike_hourly,500,48,0.01,16,35.323578,3.2616751,5.943364188812543,0.1249647,0.41254193,648.4861,10.251956,7.754323,47.560345
Volumrate_Tyskland_hourly,500,48,0.01,16,71.87078,4.9649706,8.47766364895566,0.06470235,0.15307653,4.31192,4.0935016,9.212004,131.0256
Volumrate_Easington_hourly,500,48,0.01,32,111.0248,7.650422,10.536830793062071,0.23286259,0.7197457,27.30126,26.671387,19.903702,45.249134
Volumrate_St_Fergus_hourly,500,48,0.01,32,14.780114,2.4215128,3.8444914064007425,1.0631796,0.37813652,158.24913,117.05504,4.875188,3.6160321
Volumrate_Belgia_hourly,500,48,0.01,32,1.25204,0.81425357,1.1189459453307307,0.025888791,-1.5273921,1.9011663,1.8921219,0.7038381,43.221252
Volumrate_Frankrike_hourly,500,48,0.01,32,33.29531,2.8501837,5.7702089194517985,0.12132395,0.4462735,661.1713,9.308408,7.754323,47.560345
Volumrate_Tyskland_hourly,500,48,0.01,32,68.52528,4.2322264,8.277999988733786,0.06317849,0.19249982,3.8151715,3.5060887,9.212004,131.0256
Volumrate_Easington_hourly,500,48,0.001,16,88.375885,6.5491014,9.400844909356053,0.20775744,0.7769172,28.34236,21.735605,19.903702,45.249134
Volumrate_St_Fergus_hourly,500,48,0.001,16,12.099602,1.9017966,3.4784481806698615,0.9619517,0.49091727,159.76077,65.95093,4.875188,3.6160321
Volumrate_Belgia_hourly,500,48,0.001,16,1.1678848,0.72462916,1.0806872011179536,0.025003606,-1.3575149,1.6953796,1.6925584,0.7038381,43.221252
Volumrate_Frankrike_hourly,500,48,0.001,16,30.559568,2.3974068,5.528070947912243,0.116232775,0.49177104,703.4998,8.253607,7.754323,47.560345
Volumrate_Tyskland_hourly,500,48,0.001,16,62.754986,3.8745966,7.921804454120675,0.06045997,0.26049685,3.533093,3.238548,9.212004,131.0256
Volumrate_Easington_hourly,500,48,0.001,32,92.96106,6.3875804,9.641631582378187,0.2130788,0.76534307,27.139763,22.329388,19.903702,45.249134
Volumrate_St_Fergus_hourly,500,48,0.001,32,12.765343,2.1189897,3.5728619777990787,0.9880614,0.46290666,179.63286,82.36557,4.875188,3.6160321
Volumrate_Belgia_hourly,500,48,0.001,32,0.8440399,0.6058416,0.9187164508117766,0.021256126,-0.7037953,1.4203405,1.4110305,0.7038381,43.221252
Volumrate_Frankrike_hourly,500,48,0.001,32,34.22864,3.053838,5.8505248918374635,0.12301267,0.4307515,634.7945,9.729729,7.754323,47.560345
Volumrate_Tyskland_hourly,500,48,0.001,32,71.21958,4.537648,8.439169485441319,0.064408556,0.16075027,4.0594754,3.709165,9.212004,131.0256
Volumrate_Easington_hourly,500,48,0.0001,16,101.34022,7.0297284,10.066787848680036,0.22247471,0.744192,32.069984,22.682098,19.903702,45.249134
Volumrate_St_Fergus_hourly,500,48,0.0001,16,12.459932,1.9181606,3.5298629332129186,0.97617024,0.47575665,147.51678,69.28894,4.875188,3.6160321
Volumrate_Belgia_hourly,500,48,0.0001,16,1.7862024,0.98444325,1.3364888442202194,0.03092203,-2.6056628,2.3024104,2.2687252,0.7038381,43.221252
Volumrate_Frankrike_hourly,500,48,0.0001,16,31.850018,2.886877,5.643581978460792,0.1186615,0.47030985,665.4406,9.3411255,7.754323,47.560345
Volumrate_Tyskland_hourly,500,48,0.0001,16,66.19962,4.400696,8.136315081651532,0.06209714,0.21990526,3.9988334,3.594616,9.212004,131.0256
Volumrate_Easington_hourly,500,48,0.0001,32,119.72023,7.9696746,10.941674008237454,0.24180958,0.6977962,34.12348,25.35725,19.903702,45.249134
Volumrate_St_Fergus_hourly,500,48,0.0001,32,12.963129,2.1051877,3.6004345631574948,0.99568653,0.45458496,148.50075,88.650406,4.875188,3.6160321
Volumrate_Belgia_hourly,500,48,0.0001,32,0.8125639,0.58523685,0.901423261392338,0.02085602,-0.64025724,1.374617,1.3638077,0.7038381,43.221252
Volumrate_Frankrike_hourly,500,48,0.0001,32,31.12965,2.4782255,5.5793951388987315,0.11731192,0.48229015,654.26996,8.542477,7.754323,47.560345
Volumrate_Tyskland_hourly,500,48,0.0001,32,61.58849,3.47814,7.847833429200106,0.05989542,0.27424282,3.23605,2.9321177,9.212004,131.0256
Volumrate_Easington_hourly,500,72,0.01,16,144.6194,8.588582,12.025780640956913,0.26545075,0.636878,33.313408,27.012163,19.956621,45.303246
Volumrate_St_Fergus_hourly,500,72,0.01,16,16.625004,2.081988,4.077377075363188,1.1718814,0.21565497,173.56946,62.579258,4.603915,3.4793425
Volumrate_Belgia_hourly,500,72,0.01,16,1.2657685,0.8330644,1.1250637884069592,0.026026757,-1.5454538,1.9495417,1.9262357,0.70517117,43.227196
Volumrate_Frankrike_hourly,500,72,0.01,16,48.92265,3.0998998,6.994472773808253,0.14710683,0.18638217,884.41315,9.690347,7.7543383,47.546898
Volumrate_Tyskland_hourly,500,72,0.01,16,80.34156,4.5273027,8.963345377913848,0.06840143,0.053919017,4.1422987,3.728576,9.215226,131.04031
Volumrate_Easington_hourly,500,72,0.01,32,143.90514,8.739859,11.996046686654667,0.26479444,0.63867146,33.971603,26.78015,19.956621,45.303246
Volumrate_St_Fergus_hourly,500,72,0.01,32,20.848091,2.8576932,4.565970994814606,1.3123085,0.016415477,169.40855,136.11214,4.603915,3.4793425
Volumrate_Belgia_hourly,500,72,0.01,32,1.7076073,0.9205529,1.3067544793445742,0.030229915,-2.4339893,2.1472337,2.1502407,0.70517117,43.227196
Volumrate_Frankrike_hourly,500,72,0.01,32,53.61692,4.319903,7.322357576026413,0.15400285,0.10831314,834.9467,12.42574,7.7543383,47.546898
Volumrate_Tyskland_hourly,500,72,0.01,32,74.82333,4.5243797,8.65004819294288,0.06601059,0.11890018,4.0698147,3.748942,9.215226,131.04031
Volumrate_Easington_hourly,500,72,0.001,16,144.39563,8.634993,12.016473271422548,0.2652453,0.63743985,33.294342,27.449566,19.956621,45.303246
Volumrate_St_Fergus_hourly,500,72,0.001,16,17.468283,2.4458318,4.179507470933024,1.2012348,0.17587018,187.83673,91.25694,4.603915,3.4793425
Volumrate_Belgia_hourly,500,72,0.001,16,1.2457314,0.78171307,1.1161233595619104,0.025819933,-1.5051591,1.8301377,1.8129462,0.70517117,43.227196
Volumrate_Frankrike_hourly,500,72,0.001,16,50.642017,3.2775054,7.116320493380125,0.1496695,0.15778786,894.5222,9.998946,7.7543383,47.546898
Volumrate_Tyskland_hourly,500,72,0.001,16,80.141106,4.8169,8.952156480527776,0.06831604,0.0562796,4.2907095,3.9767895,9.215226,131.04031
Volumrate_Easington_hourly,500,72,0.001,32,139.57726,8.110781,11.814281833823985,0.26078224,0.6495383,34.507175,25.564995,19.956621,45.303246
Volumrate_St_Fergus_hourly,500,72,0.001,32,17.519567,2.4014738,4.185638241609519,1.202997,0.17345065,192.03647,85.856995,4.603915,3.4793425
Volumrate_Belgia_hourly,500,72,0.001,32,0.9918928,0.66574514,0.9959381580380533,0.02303962,-0.99469113,1.5592871,1.5502559,0.70517117,43.227196
Volumrate_Frankrike_hourly,500,72,0.001,32,51.674187,3.7400453,7.188475965498039,0.15118706,0.1406222,845.55444,11.133053,7.7543383,47.546898
Volumrate_Tyskland_hourly,500,72,0.001,32,76.68116,4.4174857,8.756777944720566,0.06682507,0.09702295,4.02014,3.656026,9.215226,131.04031
Volumrate_Easington_hourly,500,72,0.0001,16,151.29373,8.929781,12.30015169375781,0.27150708,0.6201196,37.0854,28.04212,19.956621,45.303246
Volumrate_St_Fergus_hourly,500,72,0.0001,16,16.680796,2.1067362,4.084212980435235,1.1738461,0.21302277,163.39383,68.132126,4.603915,3.4793425
Volumrate_Belgia_hourly,500,72,0.0001,16,1.2158755,0.73012954,1.1026674505040321,0.025508652,-1.4451194,1.7091516,1.7034017,0.70517117,43.227196
Volumrate_Frankrike_hourly,500,72,0.0001,16,52.06732,3.5726519,7.2157689664611455,0.15176108,0.13408405,900.72394,10.712136,7.7543383,47.546898
Volumrate_Tyskland_hourly,500,72,0.0001,16,76.47977,4.4735494,8.745271113333372,0.06673726,0.09939456,4.089831,3.683922,9.215226,131.04031
Volumrate_Easington_hourly,500,72,0.0001,32,167.8431,10.007151,12.955427197590604,0.28597128,0.57856613,41.10952,28.172508,19.956621,45.303246
Volumrate_St_Fergus_hourly,500,72,0.0001,32,17.529795,2.2604983,4.186859765145373,1.2033479,0.17296815,170.74588,78.73681,4.603915,3.4793425
Volumrate_Belgia_hourly,500,72,0.0001,32,3.263341,1.358518,1.8064719621439485,0.041790172,-5.5625615,3.1675901,3.13736,0.70517117,43.227196
Volumrate_Frankrike_hourly,500,72,0.0001,32,52.0079,4.1828823,7.211650313072391,0.15167446,0.13507229,903.2559,11.970416,7.7543383,47.546898
Volumrate_Tyskland_hourly,500,72,0.0001,32,107.32953,6.7061076,10.35999656412075,0.079059616,-0.26388407,5.8926973,5.2920895,9.215226,131.04031
